request_rate,time_gap_ms,failed_logins,packet_size_kb,payload_entropy,label
1.46,378.56,0,7.41,4.66,Normal
21.05,125.52,7,0.41,7.4,Attack
16.79,36.03,8,0.81,7.37,Attack
1.99,737.13,2,5.35,4.49,Normal
2.88,620.24,0,8.19,4.37,Normal
2.84,1066.26,0,8.2,4.62,Normal
3.46,649.17,0,2.1,2.56,Normal
21.8,120.9,15,0.5,8.35,Attack
23.94,116.1,6,0.41,8.34,Attack
15.38,90.36,15,0.52,7.64,Attack
20.94,55.67,6,0.89,6.69,Attack
23.35,68.05,10,0.37,7.97,Attack
10.46,81.89,12,0.43,7.57,Attack
2.97,1196.4,0,4.32,3.92,Normal
3.08,523.66,1,5.91,3.03,Normal
1.09,974.96,2,2.69,3.62,Normal
1.95,1195.31,0,1.94,4.37,Normal
8.97,24.49,7,0.81,6.88,Attack
2.3,940.22,1,9.68,4.0,Normal
14.15,54.23,5,1.29,6.29,Attack
3.86,623.98,1,5.55,4.52,Normal
18.0,68.06,11,0.69,8.15,Attack
20.15,28.0,10,0.8,7.86,Attack
14.85,138.75,6,0.63,6.32,Attack
1.36,201.73,0,5.18,4.31,Normal
0.95,507.61,0,1.97,3.08,Normal
0.58,928.39,2,7.06,3.47,Normal
3.52,1188.36,0,6.99,4.06,Normal
4.31,1016.98,0,5.24,2.31,Normal
2.44,967.01,2,1.96,2.39,Normal
1.98,679.19,1,8.83,2.13,Normal
3.22,585.66,0,2.54,2.3,Normal
0.55,726.11,0,2.35,4.53,Normal
1.15,992.09,2,7.71,3.44,Normal
2.84,1076.86,1,5.69,3.85,Normal
20.35,33.21,8,1.17,8.68,Attack
11.92,26.45,8,0.43,8.44,Attack
2.86,446.5,0,6.9,3.49,Normal
4.78,224.34,2,6.27,3.22,Normal
4.22,1058.6,2,3.91,3.01,Normal
4.54,1041.51,1,4.16,3.48,Normal
17.22,81.54,11,0.91,7.37,Attack
1.56,470.01,2,3.93,3.08,Normal
23.01,68.2,10,0.38,8.98,Attack
0.69,310.4,2,5.74,2.83,Normal
1.69,271.53,1,9.02,3.33,Normal
1.34,476.09,0,3.8,4.13,Normal
15.91,76.7,14,0.72,8.84,Attack
3.4,393.73,0,4.01,3.57,Normal
14.01,113.51,12,0.62,6.85,Attack
2.04,603.33,0,1.8,3.5,Normal
4.04,884.46,1,4.69,3.13,Normal
4.99,709.22,0,3.71,2.87,Normal
17.2,82.26,4,0.56,6.5,Attack
14.94,124.26,14,0.16,7.52,Attack
1.8,364.27,1,2.13,3.69,Normal
1.82,824.61,1,6.73,2.35,Normal
4.04,497.63,2,6.82,3.16,Normal
16.72,80.91,15,0.51,7.12,Attack
3.54,1038.4,0,6.16,3.11,Normal
20.78,62.18,14,0.84,8.41,Attack
23.02,69.73,11,0.76,8.16,Attack
12.63,59.56,4,0.98,6.62,Attack
1.22,692.47,0,7.8,2.77,Normal
17.48,92.7,10,0.24,8.63,Attack
4.19,772.37,1,7.54,2.03,Normal
15.76,65.79,13,0.55,6.63,Attack
3.06,724.12,0,6.98,3.21,Normal
16.69,25.21,5,1.4,8.51,Attack
22.57,86.43,11,1.07,9.0,Attack
19.61,68.26,9,0.74,7.56,Attack
11.44,49.56,4,0.77,7.61,Attack
20.96,110.09,9,0.87,6.19,Attack
2.15,1050.11,2,1.87,4.49,Normal
18.64,141.26,4,0.74,8.96,Attack
0.53,1022.68,0,6.37,2.22,Normal
1.9,459.99,1,2.44,4.79,Normal
20.72,35.43,7,0.28,7.16,Attack
1.49,789.0,2,9.28,4.7,Normal
12.88,86.41,10,0.17,8.73,Attack
13.64,47.18,15,1.0,7.17,Attack
1.62,924.36,0,2.94,3.68,Normal
20.31,102.34,13,0.22,6.87,Attack
23.78,127.08,12,0.66,7.57,Attack
23.74,37.11,13,1.39,6.21,Attack
18.37,126.54,5,0.52,6.39,Attack
23.41,114.33,4,1.11,6.04,Attack
9.77,73.63,10,0.2,7.94,Attack
0.52,1016.94,1,6.83,3.97,Normal
1.54,1162.52,0,9.77,3.02,Normal
9.37,26.86,13,0.38,8.55,Attack
3.51,387.21,2,4.82,2.77,Normal
2.55,386.73,0,1.06,2.26,Normal
0.7,1042.15,0,2.6,2.77,Normal
20.2,51.45,6,1.14,6.2,Attack
16.68,144.65,7,0.63,8.03,Attack
2.21,846.07,1,2.85,4.78,Normal
0.92,1161.93,0,9.94,3.79,Normal
20.32,127.43,7,1.14,7.03,Attack
23.32,114.77,4,0.45,6.45,Attack
1.84,1090.2,2,6.32,3.47,Normal
12.05,107.09,11,1.11,6.97,Attack
1.37,965.07,1,2.64,2.65,Normal
3.93,961.42,2,1.02,3.53,Normal
15.14,39.65,14,0.61,7.92,Attack
8.52,109.54,8,1.5,8.52,Attack
4.54,1039.0,1,7.42,4.63,Normal
10.12,53.28,5,0.32,6.11,Attack
1.71,361.69,1,2.76,2.28,Normal
20.97,78.35,15,1.11,8.07,Attack
20.43,116.07,11,1.34,6.85,Attack
3.33,710.67,2,6.53,4.03,Normal
18.79,134.69,4,0.13,6.74,Attack
14.97,133.59,7,1.07,7.76,Attack
2.2,1178.41,1,2.2,4.55,Normal
15.97,48.29,15,0.43,6.18,Attack
20.18,24.68,7,0.19,8.16,Attack
9.02,49.94,14,0.18,8.12,Attack
10.52,63.89,15,0.27,7.21,Attack
23.55,41.17,7,0.15,7.64,Attack
2.25,257.49,1,4.53,2.37,Normal
23.26,97.36,13,1.12,8.03,Attack
4.96,670.86,0,9.09,3.91,Normal
17.39,85.4,15,1.42,6.78,Attack
3.37,926.59,1,5.39,4.14,Normal
17.61,116.3,11,0.93,6.75,Attack
3.51,507.95,1,1.1,4.62,Normal
0.82,397.84,0,9.33,3.58,Normal
0.95,1039.02,0,1.68,2.92,Normal
1.8,460.84,0,2.74,2.34,Normal
4.59,1045.67,1,1.06,4.21,Normal
12.15,136.08,10,0.25,8.84,Attack
0.95,883.68,0,4.02,4.82,Normal
13.92,88.98,13,0.54,6.82,Attack
4.52,391.55,2,4.15,2.26,Normal
22.84,26.95,15,0.17,8.01,Attack
2.78,629.71,1,8.03,3.86,Normal
18.78,29.22,9,1.15,7.89,Attack
3.98,948.27,2,7.51,3.29,Normal
0.66,310.67,2,6.74,3.4,Normal
3.37,540.91,2,8.92,3.96,Normal
4.77,335.47,1,9.14,4.39,Normal
2.72,856.62,2,3.85,2.36,Normal
16.92,106.33,10,1.03,6.27,Attack
2.61,468.61,0,7.84,2.81,Normal
20.29,67.98,4,1.18,7.61,Attack
0.76,1073.0,2,3.31,3.58,Normal
1.24,944.85,0,5.48,4.68,Normal
10.58,56.61,14,1.18,6.59,Attack
3.16,1011.14,0,9.72,4.63,Normal
1.57,759.63,0,5.94,4.17,Normal
10.75,113.97,11,0.71,8.56,Attack
4.02,947.61,0,4.73,4.64,Normal
8.28,67.27,13,1.38,6.71,Attack
8.56,142.75,7,0.9,6.22,Attack
22.69,86.75,12,1.41,8.68,Attack
24.43,87.21,12,0.86,7.98,Attack
1.26,895.35,1,2.71,4.08,Normal
1.82,1169.09,1,6.91,4.47,Normal
23.82,86.98,13,0.32,6.95,Attack
2.77,551.85,2,1.82,2.03,Normal
10.21,149.6,10,0.14,6.5,Attack
1.79,269.5,1,2.87,2.58,Normal
4.94,733.76,1,3.32,4.73,Normal
15.33,65.45,7,0.41,6.03,Attack
1.58,815.52,1,7.99,2.95,Normal
10.16,47.14,7,0.89,6.91,Attack
17.88,130.0,10,0.64,8.3,Attack
1.2,897.23,1,2.03,3.32,Normal
24.14,21.06,4,1.34,8.39,Attack
1.58,642.06,2,2.34,4.35,Normal
4.54,379.72,2,5.18,4.66,Normal
13.1,52.62,6,0.18,7.28,Attack
0.61,677.41,1,7.59,4.95,Normal
19.28,136.47,15,1.29,6.13,Attack
11.95,131.55,14,1.47,6.23,Attack
1.3,585.67,0,2.21,4.84,Normal
3.01,932.07,2,5.81,4.99,Normal
23.79,38.57,10,0.89,8.4,Attack
13.17,38.84,10,0.41,6.09,Attack
10.17,65.32,9,0.16,6.28,Attack
20.09,97.15,15,0.7,7.15,Attack
1.72,513.44,1,7.16,3.18,Normal
1.08,1101.93,2,7.0,2.32,Normal
12.29,103.56,11,0.55,8.27,Attack
12.05,68.2,4,0.37,6.51,Attack
4.38,370.67,0,7.87,3.1,Normal
1.19,416.01,1,7.25,4.43,Normal
21.95,71.0,5,0.91,7.91,Attack
2.46,1057.76,0,2.89,2.78,Normal
1.59,320.58,0,6.88,4.04,Normal
13.18,83.26,12,1.38,7.36,Attack
1.79,230.12,0,9.58,3.52,Normal
1.24,464.39,1,5.26,2.89,Normal
13.4,98.54,13,1.48,6.6,Attack
20.7,93.67,8,0.86,7.6,Attack
1.71,729.61,2,9.3,2.83,Normal
0.64,829.39,1,3.83,3.03,Normal
4.51,1176.34,0,6.67,3.78,Normal
1.83,1085.06,2,7.0,4.39,Normal
24.79,88.31,6,0.74,8.36,Attack
3.66,1079.44,2,3.91,3.02,Normal
19.36,59.95,4,0.58,6.64,Attack
21.19,77.47,10,0.5,8.26,Attack
16.9,105.98,14,0.11,6.81,Attack
2.09,929.76,1,4.64,2.41,Normal
22.28,110.09,7,0.81,8.36,Attack
10.03,31.8,10,0.86,6.01,Attack
20.53,99.12,7,0.63,8.01,Attack
19.21,105.66,6,0.78,7.81,Attack
3.42,1080.86,0,3.69,4.64,Normal
2.01,361.7,1,2.81,2.38,Normal
10.94,72.23,15,0.67,7.96,Attack
8.18,96.36,14,1.46,6.98,Attack
18.8,82.78,4,1.48,6.09,Attack
14.67,121.89,5,0.47,8.54,Attack
2.09,263.35,1,5.82,2.29,Normal
15.48,107.18,6,0.85,8.97,Attack
24.4,103.64,8,0.84,7.0,Attack
24.43,39.91,10,0.27,8.78,Attack
22.33,71.93,9,1.32,6.26,Attack
23.45,70.89,15,1.0,8.69,Attack
15.71,20.53,12,0.16,7.52,Attack
3.38,765.03,2,1.58,3.01,Normal
14.09,70.8,8,1.13,6.9,Attack
11.72,77.53,10,1.05,8.06,Attack
1.32,912.8,1,2.24,4.98,Normal
4.63,919.06,0,1.84,4.0,Normal
1.03,245.32,0,4.36,2.57,Normal
4.09,931.69,0,6.31,2.23,Normal
2.37,675.25,2,7.29,2.9,Normal
15.93,145.8,7,0.78,8.89,Attack
10.04,118.18,10,1.48,7.31,Attack
4.12,1113.39,1,2.77,4.3,Normal
11.24,118.53,10,0.79,8.87,Attack
20.91,131.57,10,0.62,7.04,Attack
3.57,352.99,0,4.67,2.19,Normal
2.0,487.78,0,2.73,4.51,Normal
8.78,118.4,10,0.56,7.83,Attack
4.95,856.09,1,3.81,3.75,Normal
17.94,132.85,5,1.19,6.8,Attack
2.31,1192.89,1,7.11,2.63,Normal
15.38,74.14,5,0.93,6.51,Attack
15.41,90.69,13,1.27,8.8,Attack
4.53,1003.5,2,2.69,4.61,Normal
2.11,377.69,1,7.49,4.78,Normal
1.78,454.19,0,5.17,2.64,Normal
15.56,103.53,5,1.02,6.56,Attack
4.8,210.41,0,1.84,3.2,Normal
3.03,1043.68,0,7.82,3.01,Normal
24.21,108.22,7,0.94,6.2,Attack
2.92,448.75,0,3.42,2.8,Normal
4.02,590.79,2,2.52,3.89,Normal
3.91,894.9,0,4.52,2.75,Normal
24.91,111.04,12,0.26,6.67,Attack
12.38,39.76,5,1.48,7.16,Attack
23.76,66.96,15,0.8,8.82,Attack
4.45,378.28,1,6.4,2.4,Normal
12.45,78.41,7,0.48,7.06,Attack
1.18,493.22,1,6.62,3.21,Normal
1.9,446.72,2,1.34,2.6,Normal
4.74,916.86,0,5.89,3.45,Normal
19.01,119.0,7,0.55,6.93,Attack
1.84,207.08,1,2.1,3.79,Normal
3.82,461.07,1,3.55,4.34,Normal
2.83,315.12,1,5.83,2.74,Normal
4.46,644.98,0,4.62,2.91,Normal
24.06,70.7,8,0.13,7.96,Attack
2.72,234.19,2,2.37,3.38,Normal
1.38,578.9,1,9.61,4.53,Normal
10.11,109.71,8,1.01,7.85,Attack
23.35,147.87,8,1.38,6.81,Attack
18.24,115.59,10,1.12,8.11,Attack
10.44,66.99,12,0.28,7.12,Attack
4.58,406.24,0,6.73,2.14,Normal
8.56,123.3,5,0.78,7.57,Attack
4.76,591.25,1,8.64,2.44,Normal
9.22,70.45,11,0.3,6.83,Attack
16.38,64.19,4,0.9,7.73,Attack
4.91,871.22,1,2.66,4.77,Normal
17.59,58.08,8,0.94,6.5,Attack
3.85,229.4,2,2.6,2.69,Normal
20.31,124.21,12,0.74,7.76,Attack
13.21,76.22,8,0.23,8.91,Attack
21.43,80.21,4,0.68,8.9,Attack
20.99,98.14,5,1.04,7.93,Attack
9.64,75.23,11,0.12,6.34,Attack
21.19,56.93,4,1.43,6.16,Attack
4.49,423.04,1,4.62,3.23,Normal
2.34,928.32,0,1.62,4.57,Normal
16.21,76.04,12,0.62,7.93,Attack
3.82,692.59,0,3.64,2.91,Normal
2.67,959.73,2,7.52,2.16,Normal
4.28,389.23,2,8.85,4.72,Normal
20.92,48.81,7,0.92,8.9,Attack
3.49,569.37,2,7.9,2.46,Normal
4.97,586.93,2,6.44,2.97,Normal
2.27,753.61,1,2.72,2.75,Normal
4.49,1181.06,1,7.23,3.68,Normal
3.71,521.52,0,4.59,2.61,Normal
21.35,76.67,6,0.35,8.35,Attack
22.43,75.59,7,0.88,7.97,Attack
24.38,146.46,5,1.27,6.61,Attack
13.01,32.1,7,0.97,6.01,Attack
1.25,748.53,2,2.28,4.06,Normal
11.85,93.34,9,1.09,7.79,Attack
9.72,105.24,14,0.17,6.48,Attack
13.93,122.91,13,0.72,8.39,Attack
3.33,530.63,0,8.82,2.32,Normal
15.37,26.44,8,0.7,8.03,Attack
15.74,21.04,9,1.13,6.79,Attack
3.09,236.9,1,1.08,2.37,Normal
1.25,670.31,0,2.09,3.22,Normal
1.45,797.4,1,5.6,4.44,Normal
22.27,73.63,8,0.55,7.87,Attack
3.84,308.29,1,6.61,3.7,Normal
21.0,50.26,4,0.5,8.99,Attack
13.03,137.91,9,0.14,6.59,Attack
14.74,75.99,9,1.41,7.7,Attack
1.25,287.91,2,5.4,2.45,Normal
8.14,75.11,15,1.38,7.17,Attack
3.91,332.97,0,7.72,4.89,Normal
4.68,212.98,2,2.76,3.55,Normal
3.02,1135.92,0,2.22,4.3,Normal
3.81,407.31,1,2.46,3.45,Normal
1.65,921.12,1,4.39,2.01,Normal
15.78,115.94,5,0.86,6.95,Attack
17.81,38.19,5,1.07,8.98,Attack
2.95,688.61,0,6.8,3.72,Normal
3.5,618.75,0,8.81,4.07,Normal
21.85,20.89,5,0.23,7.8,Attack
8.86,47.85,12,0.76,7.46,Attack
1.69,1090.09,2,2.32,2.68,Normal
3.94,987.11,1,1.27,2.45,Normal
2.72,1156.13,1,6.02,4.2,Normal
3.54,668.24,0,2.1,3.06,Normal
4.96,339.53,0,4.91,4.88,Normal
1.73,301.78,1,2.51,4.38,Normal
15.51,100.28,12,1.42,8.82,Attack
12.47,94.7,4,1.1,6.88,Attack
4.32,201.37,0,7.2,3.8,Normal
1.69,1018.89,0,1.53,3.42,Normal
16.74,103.81,7,1.15,6.16,Attack
18.58,68.5,14,0.14,6.18,Attack
20.61,93.48,13,1.49,7.0,Attack
4.15,739.67,1,2.1,2.53,Normal
20.31,107.87,13,0.15,7.96,Attack
22.21,33.88,15,0.29,8.65,Attack
14.83,126.9,11,1.33,6.16,Attack
3.5,605.5,0,8.16,2.08,Normal
4.46,384.8,1,2.0,4.27,Normal
2.87,646.98,2,6.95,3.81,Normal
2.99,314.8,0,1.54,2.07,Normal
0.61,739.04,0,2.1,3.45,Normal
12.09,139.8,9,1.17,7.12,Attack
4.94,930.29,0,5.36,4.23,Normal
16.78,123.53,8,0.74,8.38,Attack
2.62,761.98,2,1.96,4.92,Normal
9.63,86.81,11,1.4,6.97,Attack
0.99,1176.09,2,5.49,2.2,Normal
4.86,362.19,2,6.26,4.92,Normal
3.81,1058.19,1,7.13,3.89,Normal
4.95,632.59,0,6.65,2.39,Normal
2.05,227.38,2,8.83,2.82,Normal
2.99,1055.21,0,4.54,3.22,Normal
10.8,26.52,12,1.09,7.7,Attack
9.42,76.09,12,1.27,8.03,Attack
4.58,1139.2,0,8.38,4.87,Normal
18.99,96.66,6,1.46,8.82,Attack
1.01,1093.95,0,1.86,2.87,Normal
2.34,497.23,1,2.95,4.53,Normal
21.65,52.67,14,1.27,6.51,Attack
21.77,85.65,8,0.77,7.9,Attack
22.18,98.58,9,1.2,6.57,Attack
10.16,64.8,7,1.16,8.56,Attack
2.09,1168.63,1,8.1,2.04,Normal
1.23,1053.77,2,2.53,2.46,Normal
3.99,251.74,2,3.76,4.86,Normal
1.11,530.85,2,9.4,4.81,Normal
14.33,21.7,9,1.37,7.54,Attack
18.41,68.01,12,0.53,7.19,Attack
3.93,310.45,1,8.61,2.72,Normal
2.62,581.43,1,5.47,3.74,Normal
17.19,122.85,14,0.78,7.08,Attack
21.73,126.02,4,0.89,6.66,Attack
13.26,137.47,14,0.9,6.17,Attack
0.97,909.72,0,6.07,2.68,Normal
0.99,537.63,1,6.83,2.11,Normal
2.23,899.43,0,9.41,2.07,Normal
4.98,964.36,1,8.62,4.8,Normal
21.71,107.97,6,1.43,7.63,Attack
4.78,1003.9,1,4.06,4.07,Normal
4.72,486.33,1,1.88,3.48,Normal
3.06,823.17,0,5.69,3.33,Normal
18.41,93.08,6,0.18,8.56,Attack
14.97,149.06,6,0.55,8.22,Attack
1.01,309.02,1,4.28,3.3,Normal
17.79,77.17,13,0.66,8.86,Attack
24.62,83.74,13,0.6,8.26,Attack
22.24,120.24,4,0.92,7.9,Attack
0.72,920.81,1,4.0,3.44,Normal
16.5,132.53,11,0.16,6.88,Attack
9.89,49.27,13,0.51,9.0,Attack
2.81,232.69,0,4.01,3.1,Normal
12.94,77.17,5,0.58,6.56,Attack
1.9,405.49,1,4.52,3.04,Normal
18.22,149.14,14,0.63,8.14,Attack
2.29,676.8,0,3.04,2.38,Normal
12.08,107.81,11,1.5,6.65,Attack
0.98,758.24,2,5.94,3.28,Normal
9.97,106.67,4,0.82,6.19,Attack
4.66,1059.1,0,2.71,2.11,Normal
3.1,684.73,1,6.82,2.75,Normal
11.61,147.21,10,0.21,6.83,Attack
10.87,137.51,7,1.06,7.76,Attack
14.4,139.35,11,0.67,7.5,Attack
1.33,817.3,2,3.62,4.54,Normal
19.54,102.05,8,0.74,8.27,Attack
2.73,1146.68,1,1.86,2.69,Normal
1.8,498.68,0,2.21,2.44,Normal
0.88,330.8,0,7.72,2.9,Normal
1.29,433.57,0,3.61,2.38,Normal
16.85,85.55,6,1.11,7.25,Attack
14.14,52.81,14,0.94,7.39,Attack
0.68,1052.14,0,6.9,4.74,Normal
8.5,117.59,13,0.76,6.32,Attack
3.91,438.11,0,4.25,2.39,Normal
4.01,709.2,1,5.72,3.28,Normal
15.69,90.98,9,0.28,6.35,Attack
1.1,632.3,0,3.92,4.75,Normal
1.39,717.03,2,3.51,2.8,Normal
1.31,996.46,2,3.03,3.09,Normal
1.06,714.53,1,1.09,4.05,Normal
23.16,94.42,13,0.24,6.49,Attack
2.15,510.17,0,9.81,3.83,Normal
2.77,637.35,0,1.02,2.39,Normal
12.52,80.97,8,1.01,6.25,Attack
2.87,527.17,2,6.12,2.6,Normal
15.55,39.13,14,0.65,7.21,Attack
2.78,976.31,0,9.33,2.74,Normal
0.91,670.38,0,3.58,4.17,Normal
23.46,44.56,11,1.01,6.33,Attack
22.98,70.0,11,1.15,8.94,Attack
22.66,129.49,8,0.41,7.18,Attack
20.16,137.29,9,1.0,6.4,Attack
20.38,104.7,5,0.16,6.45,Attack
4.69,397.4,1,3.99,2.88,Normal
2.11,652.38,0,6.27,3.53,Normal
24.05,107.44,9,0.36,7.7,Attack
23.12,28.55,11,1.35,6.92,Attack
23.93,100.77,12,0.7,8.86,Attack
19.3,90.62,5,0.89,8.49,Attack
13.02,146.36,14,0.24,7.12,Attack
3.17,1112.39,1,3.96,3.7,Normal
9.53,132.35,11,1.26,6.11,Attack
10.11,69.43,13,0.85,6.4,Attack
8.12,67.94,14,0.9,8.21,Attack
4.06,630.76,1,1.8,2.26,Normal
23.21,126.77,8,1.38,8.22,Attack
21.39,24.88,11,0.69,8.08,Attack
4.88,998.91,2,5.51,3.98,Normal
15.29,56.31,14,0.44,7.06,Attack
16.0,57.3,4,0.93,8.64,Attack
2.93,829.13,2,1.3,2.96,Normal
8.14,100.86,6,0.94,8.08,Attack
1.59,735.53,0,3.72,3.21,Normal
1.87,635.02,0,7.41,4.99,Normal
15.73,138.07,4,1.41,6.14,Attack
3.12,416.84,0,2.85,4.7,Normal
16.47,77.1,7,0.46,6.13,Attack
1.69,676.9,1,9.96,2.43,Normal
19.22,114.98,9,0.64,6.66,Attack
21.9,99.8,8,0.78,6.89,Attack
3.03,890.21,0,9.41,4.1,Normal
3.18,645.13,2,3.2,4.95,Normal
22.52,141.27,14,0.9,8.81,Attack
15.2,50.27,14,0.84,8.5,Attack
19.91,119.14,8,0.32,6.63,Attack
19.45,74.18,8,1.3,7.99,Attack
17.74,97.48,14,0.74,6.49,Attack
10.56,104.84,4,0.16,7.58,Attack
17.73,140.92,8,1.41,6.32,Attack
3.18,286.7,1,9.09,2.22,Normal
22.45,145.87,14,0.72,6.36,Attack
1.2,824.6,0,8.11,2.59,Normal
18.29,120.67,11,1.18,8.63,Attack
9.16,60.54,5,1.33,6.83,Attack
3.22,1190.82,0,5.03,3.96,Normal
11.21,100.28,6,1.44,7.98,Attack
3.48,997.78,1,1.13,4.98,Normal
22.76,43.31,9,0.33,7.61,Attack
3.54,396.2,0,8.35,2.01,Normal
21.65,46.06,12,0.15,6.69,Attack
3.84,883.71,0,3.56,3.83,Normal
4.72,939.77,2,9.7,2.98,Normal
24.94,54.39,11,0.27,8.0,Attack
17.2,40.87,14,0.7,8.72,Attack
3.71,1057.61,0,7.38,2.11,Normal
0.86,989.67,0,1.75,2.52,Normal
3.47,733.26,1,7.03,2.48,Normal
2.86,473.84,0,9.24,4.33,Normal
22.29,24.81,9,0.42,8.65,Attack
2.07,827.87,0,1.98,3.82,Normal
14.79,51.04,8,0.67,6.45,Attack
0.6,766.6,1,4.55,4.33,Normal
3.77,596.25,2,8.95,2.76,Normal
17.28,87.74,4,0.59,7.32,Attack
0.96,986.91,1,9.86,3.76,Normal
2.78,822.45,2,9.29,2.18,Normal
19.27,107.94,5,1.4,6.31,Attack
10.76,79.99,8,0.31,7.17,Attack
13.54,34.01,13,0.73,6.08,Attack
2.13,359.37,1,9.7,3.6,Normal
12.19,141.35,4,0.92,7.34,Attack
14.66,69.06,7,1.4,8.66,Attack
3.43,630.58,0,9.36,3.2,Normal
15.97,85.62,12,0.13,6.83,Attack
23.89,131.83,11,0.91,8.31,Attack
17.34,72.64,8,0.57,6.35,Attack
9.38,67.03,12,0.78,8.11,Attack
24.34,76.94,12,0.38,6.95,Attack
13.87,51.31,9,0.65,8.75,Attack
14.12,144.08,14,0.58,6.53,Attack
21.91,50.48,6,0.23,8.47,Attack
1.07,1177.84,2,6.93,4.35,Normal
21.92,114.43,11,1.38,7.04,Attack
1.72,826.32,0,6.78,4.85,Normal
1.04,561.57,1,7.64,4.16,Normal
1.15,243.26,2,6.47,4.12,Normal
20.3,82.68,8,0.84,7.24,Attack
1.16,763.38,2,9.34,3.25,Normal
23.46,43.6,15,0.62,6.47,Attack
2.78,486.91,2,8.69,2.89,Normal
16.65,33.84,5,0.7,7.58,Attack
10.52,46.32,8,0.98,6.03,Attack
19.33,46.72,9,1.38,7.63,Attack
22.51,135.74,8,0.48,8.8,Attack
2.06,456.55,1,2.98,2.83,Normal
1.4,940.69,1,4.27,3.91,Normal
2.16,375.11,0,3.45,3.51,Normal
4.42,729.86,2,7.69,3.03,Normal
2.22,270.99,0,5.95,4.59,Normal
14.37,146.89,6,0.69,6.69,Attack
23.96,71.37,15,0.71,7.57,Attack
22.02,24.51,9,0.26,8.78,Attack
23.12,121.79,15,0.62,7.41,Attack
20.33,62.5,8,1.17,8.93,Attack
9.73,20.5,9,1.24,6.25,Attack
11.43,71.14,6,1.33,7.53,Attack
21.79,60.08,14,0.88,6.18,Attack
20.93,88.74,8,0.19,6.36,Attack
2.34,232.59,0,1.8,4.62,Normal
3.77,1153.85,0,6.42,4.44,Normal
9.7,43.33,6,0.3,7.73,Attack
9.02,124.17,7,0.15,7.18,Attack
0.75,208.37,2,5.38,3.07,Normal
3.65,264.0,2,8.69,3.62,Normal
2.68,750.86,0,1.11,2.28,Normal
22.83,123.78,8,0.82,8.34,Attack
2.22,799.26,2,8.51,3.03,Normal
8.86,34.51,4,0.55,6.32,Attack
23.66,21.35,6,0.87,7.84,Attack
2.34,820.71,0,9.76,4.69,Normal
17.59,80.28,9,0.82,8.93,Attack
24.98,114.06,9,1.08,8.76,Attack
22.77,82.77,4,0.39,7.76,Attack
3.87,627.0,0,5.27,2.37,Normal
22.26,22.06,7,0.38,6.94,Attack
4.86,203.64,1,5.8,3.55,Normal
16.21,74.27,12,1.15,8.1,Attack
19.0,69.35,14,1.45,8.73,Attack
3.95,1073.94,0,1.71,3.93,Normal
1.75,222.2,0,8.2,3.2,Normal
4.45,699.58,2,1.75,3.62,Normal
15.2,32.95,13,0.38,8.21,Attack
8.83,23.09,5,0.73,7.72,Attack
24.22,121.02,7,0.76,6.92,Attack
1.97,615.54,2,7.15,3.73,Normal
1.53,710.24,2,2.05,2.79,Normal
3.02,962.32,2,1.12,3.87,Normal
18.95,143.04,14,0.59,7.06,Attack
4.71,1051.27,1,6.78,3.68,Normal
18.13,141.34,4,0.22,6.26,Attack
3.45,1002.7,0,6.17,3.26,Normal
13.79,91.19,7,1.12,7.68,Attack
15.58,131.45,15,1.39,8.62,Attack
1.12,1173.74,1,5.55,4.59,Normal
9.71,112.81,11,0.44,8.97,Attack
1.11,963.68,1,7.29,2.47,Normal
0.79,842.53,1,6.7,2.8,Normal
10.44,50.31,5,1.22,7.29,Attack
17.39,70.55,8,1.14,6.8,Attack
22.98,80.86,14,1.14,7.51,Attack
23.96,123.56,12,0.39,7.98,Attack
10.95,35.7,5,0.97,7.3,Attack
2.7,389.74,0,5.49,3.43,Normal
2.04,232.71,0,6.59,2.76,Normal
0.92,801.02,2,3.58,2.2,Normal
19.02,100.61,7,0.82,8.17,Attack
10.64,52.4,15,0.81,6.98,Attack
17.97,66.55,7,0.95,6.26,Attack
1.25,904.6,0,8.12,3.6,Normal
0.53,1167.72,1,9.58,3.6,Normal
13.6,74.79,10,1.05,6.32,Attack
4.09,863.31,1,9.91,2.75,Normal
3.83,580.11,0,6.32,4.89,Normal
23.26,56.42,10,0.13,8.56,Attack
4.85,1138.62,0,7.49,4.66,Normal
14.56,120.26,10,0.9,6.54,Attack
0.83,517.32,0,1.33,3.49,Normal
4.03,1161.46,1,3.77,3.7,Normal
3.86,536.39,1,8.98,4.57,Normal
22.95,116.48,5,1.48,8.23,Attack
3.43,1064.4,1,9.24,3.94,Normal
17.25,51.29,13,1.37,6.55,Attack
1.41,541.28,0,4.39,3.37,Normal
14.98,144.04,10,1.46,8.74,Attack
0.82,381.71,0,8.09,4.07,Normal
11.12,52.1,5,0.83,7.16,Attack
17.58,86.07,9,0.89,8.52,Attack
0.76,924.65,1,2.69,3.11,Normal
8.18,128.45,13,1.23,8.42,Attack
14.29,61.16,15,0.98,8.78,Attack
4.39,638.4,0,5.09,4.83,Normal
0.82,226.6,2,5.43,2.81,Normal
1.07,768.27,1,5.38,2.04,Normal
1.06,300.87,1,7.27,3.35,Normal
0.89,452.01,1,1.02,2.1,Normal
1.79,1058.11,2,4.69,2.14,Normal
23.24,121.89,4,0.33,6.51,Attack
15.13,70.09,11,0.96,7.94,Attack
16.06,131.16,10,0.8,8.52,Attack
10.6,125.38,15,0.4,6.69,Attack
2.31,739.82,1,5.84,2.78,Normal
19.88,97.15,8,0.59,7.46,Attack
4.74,413.36,2,1.53,3.27,Normal
21.59,127.81,7,0.35,7.37,Attack
2.15,627.19,1,7.78,3.11,Normal
17.61,99.03,5,0.67,6.74,Attack
14.1,63.02,15,0.31,8.88,Attack
12.8,107.5,6,1.12,8.61,Attack
4.52,1105.86,1,4.02,3.38,Normal
0.67,756.12,2,5.27,2.57,Normal
2.4,411.35,1,2.74,4.1,Normal
2.51,782.27,1,6.04,3.99,Normal
0.9,839.8,1,1.68,2.32,Normal
19.0,24.6,15,0.46,6.14,Attack
16.69,119.61,14,1.43,8.28,Attack
11.73,60.86,6,0.23,7.02,Attack
2.82,944.48,1,5.35,3.09,Normal
19.34,52.84,13,0.85,7.15,Attack
11.24,67.52,8,1.43,6.37,Attack
3.18,990.71,1,2.95,2.88,Normal
9.36,78.68,12,1.15,7.91,Attack
8.7,47.72,13,0.86,7.19,Attack
12.41,143.57,15,1.19,6.09,Attack
12.98,30.0,6,0.77,7.98,Attack
0.91,410.62,1,1.62,2.73,Normal
16.8,142.0,7,0.37,7.01,Attack
1.5,928.99,2,4.9,4.32,Normal
1.59,475.19,1,1.61,4.84,Normal
15.18,80.85,12,0.16,6.16,Attack
19.6,112.64,10,0.43,6.59,Attack
2.68,879.23,2,3.44,2.54,Normal
19.32,126.26,15,0.69,8.93,Attack
14.82,28.36,4,0.86,6.27,Attack
13.22,78.24,11,0.44,7.7,Attack
10.8,97.54,7,0.68,7.51,Attack
2.27,825.65,2,1.36,2.22,Normal
1.22,832.81,0,8.87,4.25,Normal
24.03,112.49,9,0.77,7.78,Attack
3.64,298.19,0,7.47,4.19,Normal
20.14,101.23,8,0.52,6.68,Attack
3.16,439.48,2,8.69,2.89,Normal
23.01,138.48,15,1.29,8.68,Attack
23.68,52.79,12,1.37,8.44,Attack
0.97,690.81,1,2.56,2.67,Normal
1.72,821.3,0,6.1,2.3,Normal
1.49,730.92,2,6.45,3.08,Normal
22.56,131.73,9,0.86,6.33,Attack
1.12,1063.25,2,5.48,2.34,Normal
0.55,1189.29,1,5.37,2.72,Normal
1.42,1074.74,1,8.4,2.75,Normal
2.64,772.23,2,2.26,4.01,Normal
14.94,63.94,11,0.3,6.69,Attack
3.65,506.65,0,2.28,3.34,Normal
16.46,36.09,5,0.68,7.04,Attack
11.2,90.99,10,0.6,7.98,Attack
4.89,322.59,2,7.05,4.63,Normal
1.94,964.66,1,3.0,4.1,Normal
22.89,88.57,5,0.55,7.87,Attack
4.63,467.43,1,1.51,3.99,Normal
16.67,20.18,8,0.52,8.84,Attack
0.61,242.82,2,8.77,3.27,Normal
3.86,939.85,1,6.4,2.73,Normal
3.67,778.59,2,2.05,4.67,Normal
13.39,76.84,7,1.22,6.74,Attack
4.08,202.36,2,9.59,4.23,Normal
1.93,241.43,0,1.5,4.17,Normal
18.51,21.38,9,0.63,8.52,Attack
0.73,743.28,1,2.37,3.62,Normal
1.46,489.62,2,3.6,2.02,Normal
4.4,1093.84,2,1.04,2.19,Normal
14.54,23.28,11,0.86,7.45,Attack
10.62,64.85,13,1.24,8.46,Attack
14.13,33.55,8,1.34,7.26,Attack
3.83,482.46,2,7.3,3.12,Normal
2.08,962.06,2,3.11,3.73,Normal
1.88,985.31,0,2.52,2.33,Normal
2.61,778.74,1,8.14,2.48,Normal
4.33,211.43,1,8.8,3.36,Normal
1.81,558.58,1,3.99,3.46,Normal
1.42,659.17,2,7.46,3.27,Normal
1.95,451.68,2,3.2,4.11,Normal
22.63,137.26,12,1.27,8.38,Attack
8.02,75.01,8,1.2,7.87,Attack
20.84,41.29,13,1.44,7.67,Attack
22.14,82.17,9,1.35,7.06,Attack
22.97,22.34,14,0.76,6.68,Attack
0.7,943.4,0,6.63,2.15,Normal
2.59,591.68,0,1.8,4.97,Normal
4.21,208.36,0,6.0,4.3,Normal
10.56,105.06,12,1.18,7.12,Attack
20.56,136.21,10,1.28,8.16,Attack
9.19,74.86,12,1.14,8.67,Attack
3.1,844.19,1,3.7,4.63,Normal
18.75,54.94,13,1.36,8.35,Attack
9.75,75.81,6,1.46,8.07,Attack
19.11,119.96,9,0.68,7.58,Attack
1.72,985.92,0,6.63,2.14,Normal
14.08,40.0,13,0.88,7.43,Attack
22.09,130.58,15,0.6,7.04,Attack
2.53,503.77,1,6.51,3.9,Normal
14.83,131.59,13,0.97,6.72,Attack
1.57,464.56,0,7.72,4.14,Normal
15.76,41.15,7,0.83,7.47,Attack
14.8,66.23,11,0.1,8.69,Attack
20.02,83.67,9,0.4,8.04,Attack
4.44,926.3,1,8.98,2.66,Normal
22.9,29.29,15,1.46,6.1,Attack
3.46,509.46,1,3.1,4.16,Normal
4.27,666.63,1,9.03,3.87,Normal
14.12,55.42,12,0.77,7.22,Attack
4.04,774.61,1,9.92,4.38,Normal
13.91,62.86,6,1.24,7.21,Attack
4.31,911.89,2,4.92,2.63,Normal
9.91,136.19,15,0.53,8.83,Attack
3.9,862.11,2,5.02,2.41,Normal
16.3,133.16,9,1.33,8.12,Attack
24.51,120.71,15,0.83,7.53,Attack
11.34,102.77,11,1.19,7.49,Attack
0.96,567.86,0,8.68,3.23,Normal
23.16,120.49,10,0.45,8.11,Attack
17.14,102.83,5,0.41,7.25,Attack
2.09,511.11,0,2.58,4.32,Normal
16.07,71.36,9,0.5,8.84,Attack
13.3,137.41,12,1.16,8.55,Attack
4.19,659.05,2,2.98,4.8,Normal
4.85,290.58,2,8.55,3.84,Normal
12.48,105.67,11,1.46,7.16,Attack
15.6,65.48,10,0.26,8.8,Attack
20.89,54.94,15,0.67,7.31,Attack
4.36,1074.73,2,6.56,3.72,Normal
13.94,124.02,4,1.46,8.02,Attack
3.21,1174.44,2,8.58,4.16,Normal
0.94,576.25,1,5.41,3.92,Normal
3.89,922.68,2,7.74,4.91,Normal
3.51,205.56,1,5.16,4.72,Normal
1.95,1193.5,1,4.94,4.48,Normal
4.9,263.44,0,5.66,4.91,Normal
18.32,30.46,12,0.97,8.03,Attack
17.7,73.06,4,1.37,7.87,Attack
2.6,612.09,2,7.48,4.19,Normal
4.53,508.67,0,4.17,4.41,Normal
1.93,1094.86,1,8.32,4.89,Normal
2.99,844.99,0,5.21,4.82,Normal
1.12,433.37,2,1.88,3.76,Normal
19.04,125.32,15,0.71,7.53,Attack
21.16,33.93,9,0.52,7.49,Attack
13.44,120.7,8,0.14,7.4,Attack
11.79,58.49,10,0.31,7.65,Attack
3.57,1114.53,1,1.0,4.46,Normal
16.55,57.95,14,0.15,7.98,Attack
16.07,27.28,10,1.34,8.85,Attack
23.75,65.09,10,0.58,7.66,Attack
12.58,128.5,8,0.58,7.92,Attack
12.59,57.01,8,0.65,8.51,Attack
1.26,460.28,1,4.88,3.72,Normal
22.41,131.48,6,0.88,7.06,Attack
23.54,29.97,15,1.33,6.89,Attack
4.63,754.64,0,9.92,2.93,Normal
3.47,477.13,0,1.66,3.31,Normal
2.93,632.57,1,1.42,4.69,Normal
1.49,959.41,1,1.54,3.04,Normal
15.5,48.87,11,0.53,6.55,Attack
9.47,131.34,14,0.6,6.17,Attack
9.56,104.52,4,0.49,7.6,Attack
20.83,67.18,13,1.33,7.53,Attack
4.03,841.52,1,8.51,4.6,Normal
20.66,93.64,12,1.42,7.77,Attack
2.08,954.71,1,9.04,4.67,Normal
4.0,872.57,1,1.64,3.34,Normal
15.62,118.7,5,0.37,6.23,Attack
1.44,457.3,2,1.18,2.45,Normal
2.31,890.36,2,3.99,2.52,Normal
1.67,981.88,2,1.71,4.64,Normal
0.89,851.77,2,3.73,3.85,Normal
9.33,137.43,11,0.76,8.92,Attack
20.21,41.48,11,0.27,8.61,Attack
3.03,887.56,1,9.39,3.0,Normal
3.68,718.9,0,2.91,4.86,Normal
22.08,138.3,15,1.2,8.97,Attack
3.85,1095.14,1,9.49,2.11,Normal
8.2,38.05,11,1.49,8.0,Attack
17.16,127.01,6,0.2,6.62,Attack
13.47,121.54,8,1.14,6.75,Attack
14.83,125.45,4,0.76,6.01,Attack
2.5,1117.82,2,4.96,3.34,Normal
2.93,785.33,1,2.21,4.59,Normal
3.77,788.25,2,1.72,4.42,Normal
2.65,413.6,1,2.73,2.98,Normal
12.86,59.84,12,1.36,7.14,Attack
16.87,120.86,6,1.21,7.23,Attack
9.54,29.91,7,0.37,7.31,Attack
2.3,377.81,1,2.67,3.37,Normal
16.64,108.94,13,0.39,7.1,Attack
18.92,30.18,9,1.41,8.92,Attack
16.19,141.32,15,0.87,6.9,Attack
22.98,114.02,4,0.81,7.19,Attack
14.83,97.68,11,1.19,7.19,Attack
2.12,1149.06,0,5.26,4.9,Normal
19.29,100.72,15,0.1,8.07,Attack
15.46,84.19,4,0.43,8.54,Attack
4.46,688.07,2,8.05,3.12,Normal
3.38,218.46,0,6.23,3.64,Normal
1.33,479.65,0,5.84,3.8,Normal
23.25,123.75,5,0.84,8.89,Attack
0.88,320.92,0,2.55,3.88,Normal
1.91,442.65,2,4.63,4.26,Normal
11.02,110.85,7,1.07,8.28,Attack
22.56,39.85,14,0.26,6.42,Attack
14.59,120.8,13,0.91,7.21,Attack
21.39,85.74,8,1.29,6.75,Attack
11.95,40.89,8,0.64,7.8,Attack
3.94,1108.36,2,5.56,4.91,Normal
22.63,59.77,8,0.91,8.44,Attack
3.71,564.14,0,2.69,2.9,Normal
14.01,127.86,5,1.39,7.51,Attack
3.72,684.31,1,1.59,3.55,Normal
15.8,76.67,14,0.45,7.03,Attack
16.89,109.51,8,0.22,8.58,Attack
1.92,962.67,0,9.42,2.13,Normal
17.62,23.26,14,0.48,8.58,Attack
18.17,37.53,15,0.71,6.33,Attack
3.85,971.23,2,2.81,2.03,Normal
2.08,297.42,0,7.47,3.22,Normal
4.4,634.95,0,7.36,3.2,Normal
23.04,75.82,6,1.14,6.08,Attack
0.69,873.32,2,7.34,2.76,Normal
1.05,797.39,0,2.04,2.37,Normal
3.66,1092.06,2,5.97,4.76,Normal
1.41,358.86,1,7.5,3.42,Normal
2.8,866.82,0,1.11,2.06,Normal
9.54,48.63,9,0.69,8.9,Attack
3.41,1165.48,2,2.88,2.81,Normal
23.41,146.66,9,1.17,6.43,Attack
4.42,1152.24,1,1.47,4.35,Normal
3.95,728.3,1,8.35,4.49,Normal
2.4,513.07,1,2.0,3.7,Normal
20.91,66.68,14,1.49,6.45,Attack
1.48,967.65,0,8.36,3.49,Normal
11.06,135.18,14,1.08,6.85,Attack
1.23,901.92,2,9.25,4.89,Normal
4.05,502.6,0,5.34,2.15,Normal
2.62,924.48,2,1.56,3.75,Normal
11.97,89.42,8,0.44,6.68,Attack
2.23,277.22,0,3.15,4.52,Normal
0.53,1037.78,2,5.06,4.08,Normal
2.43,1180.34,2,8.9,3.94,Normal
16.95,87.04,11,0.5,6.48,Attack
22.05,27.55,4,1.16,8.36,Attack
18.37,114.59,6,0.4,8.34,Attack
13.55,38.13,9,1.39,8.42,Attack
24.28,89.86,10,0.35,6.88,Attack
2.74,433.03,1,2.87,3.24,Normal
9.64,65.91,5,0.56,6.89,Attack
23.64,138.14,12,0.16,8.72,Attack
2.48,1117.23,1,1.07,3.8,Normal
9.87,134.13,13,1.0,6.17,Attack
23.82,65.64,12,0.96,8.04,Attack
13.24,40.7,11,1.35,7.01,Attack
15.58,44.65,7,0.15,6.8,Attack
19.89,98.14,5,0.24,6.51,Attack
3.85,622.62,0,2.41,4.57,Normal
3.52,1059.81,1,2.41,2.28,Normal
16.94,107.75,6,0.99,7.42,Attack
4.66,833.54,1,1.95,3.43,Normal
3.47,745.42,1,1.86,2.53,Normal
13.52,127.72,11,0.91,8.18,Attack
4.21,322.33,2,2.88,4.98,Normal
2.69,717.61,2,4.96,4.79,Normal
2.07,767.12,2,7.02,2.62,Normal
9.56,26.85,5,1.45,9.0,Attack
2.6,401.59,2,5.47,3.79,Normal
1.82,737.53,2,3.23,3.3,Normal
12.37,126.97,4,0.14,8.09,Attack
20.76,143.71,10,1.42,7.68,Attack
11.52,24.4,8,1.26,8.08,Attack
3.23,719.23,1,3.13,3.78,Normal
2.51,211.92,1,9.21,2.73,Normal
2.91,437.29,1,6.41,3.21,Normal
1.6,913.58,1,6.19,4.6,Normal
1.96,765.6,1,3.75,3.88,Normal
4.98,1145.19,0,3.22,4.38,Normal
12.59,91.52,11,0.56,7.77,Attack
2.52,272.47,0,3.82,3.42,Normal
3.93,1157.78,0,5.57,2.04,Normal
14.25,67.72,9,0.26,8.99,Attack
14.87,35.93,4,0.12,6.82,Attack
9.31,53.88,9,0.32,6.0,Attack
2.09,828.42,2,1.34,3.47,Normal
11.24,44.84,9,0.78,7.9,Attack
11.73,62.8,14,0.21,6.18,Attack
3.08,672.09,2,6.45,2.18,Normal
9.74,129.22,7,0.96,8.27,Attack
18.09,41.3,5,0.12,8.13,Attack
24.08,107.8,6,0.3,8.68,Attack
9.62,39.49,13,1.36,8.88,Attack
4.15,866.36,1,5.94,3.03,Normal
8.73,61.54,11,1.06,8.79,Attack
2.59,266.84,0,8.17,2.1,Normal
21.01,84.34,13,0.11,6.74,Attack
19.12,27.16,10,1.14,7.72,Attack
1.36,958.71,2,9.58,2.05,Normal
14.91,123.45,13,0.77,7.85,Attack
11.88,80.47,15,1.0,7.26,Attack
3.72,805.27,1,1.82,4.3,Normal
15.06,39.0,10,0.42,8.84,Attack
18.05,61.21,8,0.27,7.31,Attack
1.24,707.12,1,7.87,3.33,Normal
18.25,98.34,11,0.75,6.21,Attack
2.29,548.64,2,3.73,2.27,Normal
3.82,900.89,0,6.56,3.07,Normal
1.16,915.05,1,3.01,2.62,Normal
17.48,131.77,12,0.98,7.52,Attack
2.41,276.7,1,8.71,2.18,Normal
13.31,66.84,10,1.18,8.97,Attack
4.52,986.84,0,8.87,2.78,Normal
3.9,890.54,1,8.91,3.88,Normal
18.7,115.09,12,1.32,7.17,Attack
12.04,33.07,8,0.48,7.17,Attack
2.32,988.71,2,1.14,2.73,Normal
17.31,81.02,10,0.41,8.39,Attack
2.07,420.96,0,9.48,4.33,Normal
12.57,37.15,6,0.38,6.62,Attack
0.82,381.55,2,5.96,4.99,Normal
14.49,88.35,13,0.45,6.27,Attack
16.26,120.14,14,0.14,7.41,Attack
19.06,115.83,10,0.56,7.55,Attack
13.93,45.22,9,1.15,6.86,Attack
4.36,795.66,1,2.35,3.42,Normal
23.85,44.89,10,1.2,7.85,Attack
2.16,453.69,2,4.07,3.21,Normal
10.71,70.92,4,0.99,6.64,Attack
3.72,649.79,1,8.7,3.01,Normal
13.98,137.8,13,1.16,8.21,Attack
3.5,1140.26,0,5.73,4.62,Normal
1.42,796.42,0,7.91,3.53,Normal
4.13,304.28,0,2.15,3.31,Normal
11.79,95.67,9,0.18,6.28,Attack
4.04,1137.56,0,9.64,4.02,Normal
13.23,147.36,12,1.19,7.67,Attack
16.79,113.65,7,0.25,7.81,Attack
10.11,62.68,7,0.32,8.95,Attack
3.2,979.71,2,8.9,4.34,Normal
2.2,856.74,2,6.97,4.81,Normal
0.91,505.58,0,6.0,2.85,Normal
10.38,86.74,14,0.73,6.8,Attack
1.9,359.46,1,6.23,2.38,Normal
2.32,774.01,2,1.43,2.73,Normal
10.46,113.52,13,0.21,8.7,Attack
2.8,695.38,1,6.43,3.47,Normal
0.98,433.84,0,4.27,3.4,Normal
4.41,1108.77,0,4.7,2.38,Normal
2.77,925.18,2,2.41,4.38,Normal
10.62,79.56,12,0.53,8.83,Attack
22.13,92.26,9,1.1,7.14,Attack
19.14,126.56,9,0.44,8.88,Attack
3.78,473.52,0,4.54,2.49,Normal
14.42,73.34,13,1.05,8.87,Attack
2.88,1035.42,2,4.94,3.56,Normal
9.2,31.47,8,0.85,7.24,Attack
3.74,813.82,0,6.79,4.03,Normal
16.37,38.53,7,1.31,8.9,Attack
0.58,422.96,1,9.68,4.89,Normal
15.6,58.28,9,0.64,8.2,Attack
18.0,25.31,12,0.17,8.37,Attack
4.8,758.58,2,3.9,2.85,Normal
17.97,137.13,8,0.67,7.58,Attack
8.86,135.93,4,1.27,6.37,Attack
11.51,70.06,9,0.65,6.14,Attack
1.73,1152.74,1,3.6,4.52,Normal
17.7,144.49,9,0.3,8.79,Attack
9.96,32.65,10,0.89,7.24,Attack
9.82,92.17,7,0.41,6.81,Attack
12.71,45.09,12,0.64,7.19,Attack
1.4,791.08,0,8.17,4.27,Normal
0.75,862.54,2,1.8,2.52,Normal
16.27,120.55,8,0.39,8.39,Attack
18.3,73.25,6,0.57,8.38,Attack
13.5,115.74,14,1.46,6.72,Attack
3.35,560.35,2,3.77,4.72,Normal
18.51,100.7,11,0.29,8.23,Attack
3.35,540.72,1,1.09,4.47,Normal
15.29,66.68,4,0.21,8.24,Attack
1.09,742.59,2,1.84,3.37,Normal
11.22,122.48,4,0.54,8.75,Attack
2.46,640.01,0,4.46,3.59,Normal
14.32,140.1,15,0.84,8.16,Attack
1.94,482.73,2,7.25,3.8,Normal
9.13,65.61,14,0.8,6.72,Attack
15.93,93.16,14,0.92,7.77,Attack
4.72,704.97,0,8.79,3.91,Normal
1.63,1043.33,2,6.22,2.4,Normal
12.98,74.92,7,1.48,8.5,Attack
10.99,51.68,14,0.23,6.95,Attack
11.46,47.69,9,0.74,7.87,Attack
3.51,724.03,2,9.88,4.77,Normal
18.6,83.59,11,0.62,8.58,Attack
3.28,478.61,0,4.81,4.08,Normal
23.97,114.12,11,0.39,8.49,Attack
3.3,643.82,0,4.26,3.79,Normal
4.05,440.71,1,6.9,4.56,Normal
4.86,989.57,0,3.13,2.71,Normal
23.17,115.34,8,1.49,6.78,Attack
4.84,835.98,2,3.53,2.55,Normal
4.86,686.13,2,8.18,4.19,Normal
17.39,138.22,4,1.37,8.15,Attack
4.05,1130.57,2,3.07,4.43,Normal
17.74,132.73,14,0.27,8.02,Attack
4.5,1107.61,0,7.86,3.34,Normal
10.39,149.88,14,1.02,6.84,Attack
24.11,87.49,11,0.22,7.11,Attack
20.62,52.7,5,1.28,6.61,Attack
13.93,146.16,5,0.94,7.23,Attack
17.88,34.12,13,1.02,8.95,Attack
3.53,752.35,0,4.28,3.14,Normal
8.85,121.94,5,1.22,7.33,Attack
21.22,108.18,11,1.07,6.68,Attack
13.14,25.93,4,0.65,7.48,Attack
12.03,106.32,11,0.75,8.82,Attack
1.18,807.21,1,5.34,3.1,Normal
8.81,143.86,8,1.03,7.96,Attack
1.15,849.29,0,7.5,4.82,Normal
4.48,660.52,1,8.79,3.53,Normal
17.34,148.11,8,0.74,8.01,Attack
21.01,81.76,8,0.91,6.79,Attack
13.39,28.97,5,0.11,7.68,Attack
21.76,44.4,10,1.18,6.51,Attack
13.05,35.64,8,0.8,7.12,Attack
16.47,68.64,10,0.53,6.49,Attack
8.06,140.9,15,0.48,6.99,Attack
2.4,746.11,2,5.62,4.82,Normal
4.32,819.14,1,3.21,4.83,Normal
2.25,570.56,0,6.61,4.52,Normal
2.46,671.43,2,6.08,3.33,Normal
10.99,86.51,5,0.84,6.4,Attack
2.45,441.39,1,4.53,4.55,Normal
3.6,551.42,0,2.29,4.18,Normal
2.55,408.5,0,8.09,3.07,Normal
21.17,123.71,4,0.79,6.84,Attack
10.21,106.86,14,1.09,8.22,Attack
15.97,104.72,13,0.23,8.69,Attack
2.26,573.38,1,4.05,4.2,Normal
1.87,777.75,2,8.47,3.11,Normal
4.76,478.87,1,3.02,4.75,Normal
24.43,128.38,5,1.15,6.74,Attack
17.98,95.63,15,0.75,6.51,Attack
1.1,230.94,1,6.19,3.48,Normal
2.91,324.35,1,5.49,2.13,Normal
16.14,113.15,12,0.2,7.16,Attack
2.26,506.66,0,2.83,2.39,Normal
13.07,108.65,7,0.92,8.04,Attack
10.54,57.64,8,0.67,8.73,Attack
24.43,106.21,11,0.72,7.54,Attack
1.63,687.81,2,7.13,2.4,Normal
0.86,1153.6,2,5.81,4.18,Normal
1.05,450.78,1,6.8,3.6,Normal
15.78,28.58,7,1.05,7.35,Attack
2.31,845.27,2,8.08,3.46,Normal
14.07,141.56,4,0.5,6.96,Attack
4.38,285.72,0,7.05,3.33,Normal
1.05,581.72,0,1.66,2.34,Normal
1.63,749.58,0,2.25,3.54,Normal
3.53,1187.82,0,4.1,4.16,Normal
20.67,83.55,15,0.97,7.35,Attack
3.97,819.94,0,4.51,4.69,Normal
2.73,750.91,0,3.1,2.3,Normal
2.11,588.72,2,2.56,3.85,Normal
2.29,668.73,0,2.55,2.2,Normal
13.92,22.61,11,0.4,7.86,Attack
17.24,65.47,9,0.41,8.16,Attack
4.37,1064.86,0,3.38,2.24,Normal
10.69,128.4,15,0.32,7.32,Attack
17.3,124.36,10,0.91,8.62,Attack
20.73,30.58,5,0.77,7.62,Attack
13.33,24.88,11,0.2,6.43,Attack
9.16,110.17,9,0.5,7.16,Attack
1.72,1156.53,1,6.97,3.66,Normal
3.14,748.17,1,4.82,2.63,Normal
9.93,105.38,5,0.6,7.08,Attack
1.46,454.28,2,1.34,4.52,Normal
1.52,669.54,2,9.5,3.96,Normal
22.68,130.03,8,1.34,7.75,Attack
19.4,61.25,4,0.96,6.84,Attack
2.18,770.49,2,7.85,4.0,Normal
3.23,589.31,0,1.22,4.6,Normal
18.51,21.21,4,1.34,7.81,Attack
21.93,89.56,13,1.45,6.1,Attack
15.37,133.82,14,0.61,7.38,Attack
21.55,118.14,4,0.59,7.33,Attack
9.41,79.33,12,1.43,8.23,Attack
14.85,107.62,5,1.44,8.31,Attack
3.11,620.73,1,9.3,3.92,Normal
4.31,1095.53,0,8.72,3.02,Normal
1.44,978.07,2,4.8,3.86,Normal
3.87,859.18,0,9.49,4.52,Normal
11.39,61.62,7,0.18,6.05,Attack
21.76,55.68,12,0.61,8.55,Attack
0.95,448.83,2,4.87,2.91,Normal
8.31,50.17,15,0.39,7.29,Attack
14.55,20.23,4,0.32,7.59,Attack
0.89,869.77,2,3.39,2.55,Normal
13.36,96.41,4,1.46,6.09,Attack
10.68,44.19,9,0.49,7.19,Attack
1.38,271.82,1,3.52,4.29,Normal
4.68,677.11,2,5.75,4.63,Normal
9.39,32.66,12,0.46,7.92,Attack
8.94,94.48,7,1.32,6.08,Attack
4.78,1034.25,0,5.15,2.04,Normal
0.81,830.44,0,8.88,4.46,Normal
1.96,757.68,1,5.18,2.79,Normal
3.68,1071.95,1,4.13,3.67,Normal
2.09,878.63,1,1.68,4.46,Normal
23.9,142.87,8,0.14,6.66,Attack
13.95,120.19,7,0.81,6.94,Attack
4.24,293.51,0,5.7,3.08,Normal
12.11,78.58,12,0.45,8.9,Attack
11.8,108.21,12,0.48,8.35,Attack
12.44,137.47,5,0.73,7.75,Attack
18.4,41.01,9,0.94,6.9,Attack
24.66,91.99,13,1.28,6.11,Attack
4.26,550.99,2,3.64,2.12,Normal
10.13,141.9,11,0.68,8.2,Attack
9.68,115.67,11,0.24,8.02,Attack
22.62,135.97,15,0.6,7.21,Attack
20.0,28.71,10,0.61,8.32,Attack
9.86,26.29,13,1.35,8.15,Attack
2.66,362.78,1,5.63,3.76,Normal
19.96,94.9,15,1.0,7.01,Attack
3.47,1144.79,1,9.03,3.1,Normal
3.98,774.98,2,9.06,2.48,Normal
24.54,136.21,11,1.07,6.06,Attack
13.75,60.55,9,0.17,7.3,Attack
4.04,333.83,1,1.92,2.04,Normal
10.8,67.2,14,1.3,7.84,Attack
16.46,79.16,13,1.2,6.95,Attack
4.69,591.71,0,1.82,2.77,Normal
4.21,984.3,1,9.39,2.45,Normal
3.11,940.26,2,2.93,3.01,Normal
1.16,472.02,0,9.92,3.31,Normal
3.85,853.69,2,8.83,3.55,Normal
1.56,374.18,0,4.13,3.91,Normal
16.01,88.81,9,0.37,7.43,Attack
21.54,24.59,5,0.11,8.11,Attack
1.31,449.98,1,6.56,4.74,Normal
1.8,858.86,1,7.68,2.59,Normal
4.12,1020.09,0,8.57,3.39,Normal
0.67,884.47,2,7.61,2.61,Normal
2.74,464.85,1,1.34,4.83,Normal
3.21,1031.88,2,2.66,3.46,Normal
22.9,134.76,14,0.79,6.59,Attack
13.08,148.87,10,1.01,8.92,Attack
10.88,44.17,12,0.21,8.37,Attack
1.61,1094.07,0,7.73,3.56,Normal
2.7,598.81,2,3.98,3.3,Normal
1.68,856.74,0,8.89,3.03,Normal
1.43,419.57,1,3.77,3.44,Normal
14.42,131.06,4,0.48,7.96,Attack
2.0,928.71,0,5.1,4.54,Normal
4.52,604.77,0,2.66,4.35,Normal
19.16,50.8,7,1.19,8.91,Attack
4.9,477.33,0,9.86,2.4,Normal
17.69,108.88,10,1.2,6.41,Attack
21.77,43.47,15,1.0,8.35,Attack
4.62,754.04,2,8.84,2.01,Normal
4.8,670.16,0,4.93,2.3,Normal
4.85,814.7,1,5.5,2.05,Normal
3.56,514.72,0,8.32,3.91,Normal
22.91,77.62,14,1.17,7.61,Attack
4.11,435.65,0,4.66,2.23,Normal
3.71,1193.68,1,7.84,4.35,Normal
2.64,469.56,1,6.62,3.38,Normal
1.89,938.21,1,4.44,3.05,Normal
18.91,72.05,11,0.44,8.69,Attack
15.53,106.59,11,0.34,7.82,Attack
13.02,118.43,13,1.03,6.55,Attack
4.98,345.09,2,8.16,4.58,Normal
15.94,115.61,6,1.04,6.33,Attack
19.74,120.12,7,0.55,8.31,Attack
23.62,58.97,4,0.23,8.8,Attack
24.36,43.69,15,0.26,7.68,Attack
20.38,50.43,11,0.41,7.06,Attack
3.96,557.35,1,1.54,2.65,Normal
4.96,940.29,1,3.06,4.85,Normal
22.5,123.9,8,0.44,6.42,Attack
17.21,47.95,9,1.0,6.02,Attack
3.96,977.47,0,4.6,2.89,Normal
3.35,704.65,0,7.3,3.75,Normal
8.41,66.93,14,0.59,8.19,Attack
14.78,37.35,9,0.52,7.48,Attack
24.93,36.52,9,0.21,6.41,Attack
2.1,1084.87,0,3.66,3.84,Normal
22.37,21.98,9,0.46,8.29,Attack
14.72,71.92,6,0.6,6.02,Attack
1.39,201.99,2,6.8,2.83,Normal
8.82,31.17,8,0.97,8.34,Attack
24.2,112.41,9,1.01,8.62,Attack
2.49,389.82,2,4.42,3.36,Normal
12.56,128.73,12,1.39,7.06,Attack
18.27,47.43,4,0.74,6.2,Attack
1.03,686.85,2,4.34,4.17,Normal
3.67,765.54,2,4.97,3.37,Normal
2.95,328.67,1,6.7,3.29,Normal
1.28,510.2,0,6.4,2.13,Normal
19.56,129.04,8,0.53,8.4,Attack
1.02,1091.32,2,8.77,2.69,Normal
10.95,122.05,12,0.79,7.0,Attack
13.47,65.14,10,0.68,6.92,Attack
11.03,118.52,4,0.38,6.99,Attack
2.66,470.15,1,3.65,4.05,Normal
13.38,30.4,9,0.45,7.75,Attack
3.68,461.45,0,4.99,2.35,Normal
1.02,624.36,2,4.77,2.66,Normal
1.86,383.49,0,7.49,4.5,Normal
4.09,1120.73,1,7.0,2.24,Normal
8.29,119.41,14,0.33,7.33,Attack
8.04,116.39,15,0.12,6.86,Attack
11.11,84.95,5,0.89,8.13,Attack
1.59,953.77,0,1.1,3.67,Normal
2.92,1153.65,2,3.03,2.36,Normal
11.06,143.31,8,1.26,6.82,Attack
9.07,49.12,11,0.99,8.48,Attack
0.64,793.08,0,1.2,2.2,Normal
16.12,38.21,12,0.87,8.09,Attack
4.85,714.16,1,1.51,3.52,Normal
13.78,52.24,8,0.13,7.67,Attack
17.02,47.67,10,0.77,7.83,Attack
20.06,74.73,7,0.48,6.97,Attack
0.89,518.45,1,6.98,2.47,Normal
4.56,597.93,0,7.77,3.39,Normal
20.11,52.31,9,0.17,8.35,Attack
2.26,298.98,2,6.58,3.69,Normal
9.2,23.9,13,1.24,8.62,Attack
4.57,489.76,0,5.73,4.57,Normal
21.94,138.89,4,0.98,8.07,Attack
21.55,41.94,6,0.48,6.08,Attack
15.63,31.24,10,0.68,8.72,Attack
18.56,78.94,11,0.69,8.47,Attack
15.12,126.19,8,0.58,6.23,Attack
11.33,67.4,13,0.51,8.48,Attack
12.44,97.74,9,0.75,6.48,Attack
10.05,138.49,7,0.89,8.06,Attack
14.77,75.7,5,0.43,8.28,Attack
20.89,24.0,11,0.95,6.46,Attack
20.12,44.81,12,0.27,8.29,Attack
24.42,141.56,15,0.76,6.21,Attack
2.49,596.9,1,7.98,3.55,Normal
4.48,795.8,1,1.84,2.53,Normal
24.48,103.92,13,1.33,7.81,Attack
1.45,422.16,1,7.38,2.89,Normal
15.14,55.35,15,0.4,7.9,Attack
1.62,1104.47,0,9.43,2.99,Normal
18.96,47.06,5,0.54,7.29,Attack
4.2,888.65,2,9.74,2.12,Normal
3.01,598.56,1,8.02,4.44,Normal
4.79,475.59,1,2.58,2.23,Normal
2.54,1114.35,0,9.82,2.03,Normal
17.55,102.92,10,0.6,6.37,Attack
1.38,341.7,0,6.3,3.16,Normal
4.94,588.72,1,7.65,2.92,Normal
8.35,142.25,14,1.22,8.45,Attack
23.6,42.59,5,0.73,6.84,Attack
15.09,128.55,9,0.94,8.51,Attack
15.07,73.4,7,1.26,7.61,Attack
24.21,29.01,9,0.41,8.32,Attack
20.01,86.56,8,0.26,8.9,Attack
21.31,84.24,9,1.24,8.0,Attack
0.98,1175.11,2,9.02,3.76,Normal
3.89,551.36,2,8.25,3.72,Normal
1.65,1056.0,1,3.01,4.83,Normal
4.17,622.7,1,3.73,3.47,Normal
12.18,57.79,11,0.19,8.01,Attack
11.91,62.36,5,1.24,7.4,Attack
1.86,851.15,2,6.86,2.58,Normal
10.84,145.12,5,0.14,8.92,Attack
3.07,415.08,0,4.72,3.14,Normal
0.88,1166.32,2,8.62,3.88,Normal
10.31,133.82,6,1.11,6.54,Attack
0.58,875.19,1,7.69,4.81,Normal
4.79,827.29,1,3.1,2.24,Normal
8.95,20.26,10,0.72,8.54,Attack
2.97,1048.96,1,4.48,4.72,Normal
1.83,996.65,2,3.05,2.17,Normal
1.09,508.36,0,5.21,4.53,Normal
3.6,624.48,0,5.8,4.45,Normal
23.99,45.01,15,0.75,6.97,Attack
4.84,587.18,1,6.9,4.4,Normal
12.45,40.85,15,1.14,8.55,Attack
4.18,247.65,1,2.59,3.19,Normal
3.28,246.77,0,1.88,4.14,Normal
14.05,128.4,8,1.22,8.68,Attack
22.46,70.16,13,1.0,8.16,Attack
1.38,526.47,2,4.44,4.98,Normal
22.49,65.17,7,0.4,6.35,Attack
1.95,619.57,1,9.29,4.04,Normal
2.39,421.59,0,10.0,3.24,Normal
3.43,799.42,1,1.93,2.18,Normal
9.1,30.95,14,1.32,8.93,Attack
4.82,558.1,1,7.43,2.95,Normal
9.56,115.46,13,1.0,6.36,Attack
23.59,134.11,4,0.53,7.52,Attack
9.54,138.2,4,1.36,6.86,Attack
4.71,691.16,2,6.02,4.88,Normal
4.48,452.06,2,4.39,4.36,Normal
23.03,91.15,7,0.57,8.13,Attack
1.88,334.12,1,4.94,2.07,Normal
21.66,86.9,12,1.27,6.5,Attack
17.86,20.24,13,0.28,6.27,Attack
8.85,123.7,9,1.35,7.7,Attack
19.62,68.77,4,1.26,6.27,Attack
21.87,117.7,9,0.81,7.49,Attack
0.99,889.8,1,8.33,4.86,Normal
3.46,1026.55,2,4.92,2.34,Normal
2.07,686.0,2,4.02,3.38,Normal
3.41,794.95,0,4.44,2.13,Normal
1.8,817.03,2,7.18,4.87,Normal
0.8,752.43,2,7.18,4.6,Normal
13.68,144.94,12,1.48,6.78,Attack
13.32,28.29,11,0.58,7.75,Attack
1.56,307.65,2,7.7,3.59,Normal
19.5,46.1,10,0.92,8.92,Attack
2.28,899.86,1,9.83,3.82,Normal
3.89,1083.27,2,6.33,4.81,Normal
0.88,1194.58,1,4.73,2.01,Normal
4.79,215.37,1,1.79,2.84,Normal
3.94,252.23,0,7.25,3.75,Normal
20.54,68.7,11,0.67,7.38,Attack
4.87,261.51,2,6.67,4.55,Normal
16.03,23.63,14,0.19,6.21,Attack
11.14,40.32,12,1.16,7.17,Attack
3.88,916.82,2,4.27,3.26,Normal
1.2,657.23,2,7.78,3.4,Normal
24.24,117.5,15,0.31,8.83,Attack
1.91,776.8,2,8.38,3.27,Normal
1.75,1091.28,1,2.63,3.09,Normal
9.43,114.57,12,0.99,6.83,Attack
22.0,147.93,7,1.07,7.5,Attack
12.47,21.11,15,1.03,8.03,Attack
3.83,375.4,0,5.5,4.01,Normal
20.83,49.92,9,0.7,7.93,Attack
0.67,428.83,0,5.77,2.46,Normal
14.01,96.56,13,0.97,6.29,Attack
23.04,103.11,6,0.22,6.9,Attack
23.29,105.6,15,0.81,7.53,Attack
19.02,59.03,13,0.3,7.23,Attack
1.18,786.83,1,9.83,3.93,Normal
3.42,226.54,2,4.37,2.93,Normal
20.86,103.15,15,1.31,8.23,Attack
20.57,91.46,15,1.35,6.71,Attack
2.87,518.69,0,4.48,4.62,Normal
20.59,28.03,7,0.4,6.18,Attack
24.2,130.88,11,1.48,6.71,Attack
23.27,62.28,15,1.3,7.44,Attack
1.69,325.11,1,8.54,4.59,Normal
4.77,1050.36,0,3.46,2.33,Normal
8.87,72.16,11,0.3,6.47,Attack
4.59,994.23,1,6.07,3.45,Normal
1.01,679.32,2,3.87,4.43,Normal
24.06,132.0,12,1.03,6.58,Attack
1.4,999.36,2,2.74,4.73,Normal
20.52,135.12,4,0.69,8.86,Attack
1.55,1034.91,2,2.17,3.31,Normal
11.73,134.93,12,1.39,6.88,Attack
2.16,599.94,1,5.08,2.49,Normal
15.78,83.21,13,1.35,8.5,Attack
3.28,855.54,0,1.8,4.79,Normal
0.72,920.97,1,2.12,4.36,Normal
4.5,751.32,2,4.48,4.39,Normal
24.18,24.58,11,0.97,7.54,Attack
8.74,87.1,9,0.6,7.76,Attack
22.1,128.48,10,1.2,8.15,Attack
0.67,447.56,0,9.03,3.33,Normal
12.67,32.91,9,0.68,7.52,Attack
21.57,41.88,14,1.33,7.38,Attack
21.06,137.57,5,0.81,6.12,Attack
20.82,26.89,4,1.32,7.0,Attack
17.96,51.3,9,0.63,6.01,Attack
2.46,439.04,1,3.27,2.97,Normal
15.68,41.16,9,0.76,7.82,Attack
0.98,424.4,0,9.45,4.38,Normal
4.84,1037.34,0,7.22,2.71,Normal
1.68,340.58,2,1.36,4.49,Normal
22.45,57.73,13,0.83,6.21,Attack
3.81,1043.13,0,7.46,3.23,Normal
14.51,141.67,12,0.5,8.47,Attack
21.31,142.55,6,0.45,7.67,Attack
13.89,76.84,13,0.67,6.29,Attack
0.63,1138.59,1,9.23,2.09,Normal
15.41,112.24,5,1.27,6.17,Attack
22.64,63.83,14,1.28,7.26,Attack
8.66,59.95,7,0.31,6.67,Attack
13.27,147.55,10,0.87,8.18,Attack
1.78,736.2,2,3.06,3.51,Normal
18.41,27.49,4,0.59,6.13,Attack
21.9,36.19,5,1.2,6.57,Attack
12.13,88.16,8,1.1,6.61,Attack
22.14,74.1,4,0.21,7.78,Attack
14.1,139.55,5,1.13,8.33,Attack
2.28,749.38,1,9.81,3.65,Normal
3.45,314.14,0,3.49,3.1,Normal
18.26,145.54,10,0.3,7.88,Attack
2.19,913.43,2,2.59,4.16,Normal
24.4,30.61,7,1.28,6.38,Attack
4.81,516.3,0,7.21,3.25,Normal
2.7,923.36,1,5.35,3.04,Normal
11.69,62.82,10,0.92,6.42,Attack
21.84,138.37,7,0.84,7.35,Attack
23.24,36.68,6,0.53,8.87,Attack
3.49,536.04,0,3.72,2.84,Normal
12.33,52.07,12,0.11,6.29,Attack
3.35,350.09,2,8.15,3.2,Normal
3.6,749.51,2,8.42,4.54,Normal
0.55,398.37,1,3.74,2.49,Normal
3.35,465.23,0,2.08,3.7,Normal
0.94,829.92,0,3.65,4.58,Normal
1.14,1170.11,1,7.31,4.09,Normal
2.42,362.24,0,6.7,3.75,Normal
16.45,78.51,15,1.24,8.27,Attack
23.5,122.43,15,1.3,6.07,Attack
2.48,780.58,0,3.84,4.3,Normal
2.61,349.44,1,2.84,3.61,Normal
1.09,465.15,0,4.75,3.49,Normal
12.76,138.66,12,0.76,6.55,Attack
1.51,314.69,0,2.91,4.97,Normal
12.67,85.44,9,1.33,7.81,Attack
1.61,860.97,1,7.36,4.74,Normal
15.91,128.29,4,1.02,7.43,Attack
20.85,111.28,4,0.78,6.73,Attack
13.72,121.76,11,0.63,8.93,Attack
16.81,139.59,7,1.48,8.93,Attack
21.32,110.57,4,0.76,8.98,Attack
4.92,673.83,2,7.29,4.91,Normal
9.88,42.28,10,0.14,8.02,Attack
14.08,22.91,6,0.6,6.87,Attack
4.05,461.7,0,9.22,4.49,Normal
2.67,972.63,2,2.02,5.0,Normal
1.84,380.16,1,5.23,4.36,Normal
17.79,146.64,15,0.1,6.53,Attack
17.62,128.55,5,1.34,6.88,Attack
1.64,519.74,2,2.96,3.83,Normal
13.72,22.54,13,0.67,8.45,Attack
2.04,503.71,0,3.83,4.1,Normal
3.12,852.38,1,2.45,4.56,Normal
13.48,114.44,12,0.62,6.45,Attack
3.3,914.79,0,6.69,4.27,Normal
3.43,645.71,2,4.17,3.95,Normal
4.95,1199.03,2,8.34,4.73,Normal
22.68,142.2,4,0.6,7.74,Attack
3.11,565.5,0,9.61,4.02,Normal
12.37,46.52,12,0.45,7.5,Attack
12.81,85.63,12,0.42,6.21,Attack
2.67,610.66,0,6.32,3.43,Normal
0.77,897.07,2,3.24,3.62,Normal
24.0,92.06,14,1.0,6.94,Attack
21.9,82.42,7,0.89,6.13,Attack
18.32,120.17,12,0.15,6.09,Attack
0.67,453.58,0,8.66,3.64,Normal
3.77,430.4,1,9.0,4.62,Normal
3.06,916.38,0,4.97,2.36,Normal
4.75,1041.73,2,2.9,4.91,Normal
11.86,27.59,4,1.1,8.55,Attack
24.92,88.68,8,0.13,7.39,Attack
11.22,74.75,14,1.2,7.03,Attack
4.84,1093.32,1,6.03,4.04,Normal
4.49,849.6,1,3.79,4.73,Normal
13.0,56.38,8,0.44,8.97,Attack
1.67,881.62,2,5.21,3.39,Normal
3.34,913.97,2,7.11,2.2,Normal
21.53,83.16,5,0.63,6.55,Attack
21.55,125.43,6,0.78,8.55,Attack
1.5,477.28,2,3.67,3.42,Normal
4.25,281.88,2,8.52,3.39,Normal
9.2,99.46,12,1.12,8.46,Attack
2.12,917.27,1,8.72,4.32,Normal
17.55,67.69,4,0.1,7.58,Attack
9.06,54.3,8,0.22,6.97,Attack
1.44,804.47,1,3.94,2.39,Normal
20.96,124.92,7,0.96,7.62,Attack
0.81,555.27,1,9.32,2.83,Normal
4.19,1134.47,0,4.29,4.88,Normal
1.56,731.43,1,7.81,4.94,Normal
21.49,89.74,14,0.24,7.32,Attack
0.79,618.67,2,9.86,3.53,Normal
21.22,29.63,7,0.58,8.93,Attack
0.77,761.18,0,7.39,3.37,Normal
19.7,53.12,8,0.98,8.31,Attack
18.55,140.94,14,0.76,6.19,Attack
24.07,65.77,13,1.49,7.19,Attack
4.28,936.87,2,2.64,4.48,Normal
24.52,33.91,12,0.41,7.53,Attack
0.96,1128.18,1,4.16,4.22,Normal
17.47,104.49,5,1.07,6.38,Attack
18.69,20.71,7,0.45,6.97,Attack
18.97,98.9,13,1.32,7.73,Attack
2.74,867.36,1,4.93,3.36,Normal
4.73,310.72,2,6.1,2.5,Normal
24.35,76.08,4,0.86,7.08,Attack
23.84,93.2,13,0.75,8.4,Attack
24.16,82.84,4,1.15,7.79,Attack
0.77,435.93,1,5.55,2.31,Normal
3.05,401.72,2,4.14,2.26,Normal
2.72,1142.77,1,4.21,3.88,Normal
9.58,148.64,4,0.71,6.18,Attack
1.25,692.33,2,3.34,4.59,Normal
2.4,345.69,1,5.85,3.67,Normal
4.63,1088.43,1,3.92,2.84,Normal
2.99,1025.23,1,4.88,2.37,Normal
18.23,67.74,12,0.91,6.71,Attack
16.21,20.55,8,0.72,8.83,Attack
4.58,1036.33,1,4.65,3.96,Normal
3.53,668.55,1,1.24,2.7,Normal
1.8,649.23,1,4.03,2.15,Normal
21.09,70.77,14,1.14,6.02,Attack
3.1,669.34,0,5.46,2.59,Normal
3.25,607.48,2,5.34,4.9,Normal
16.88,59.75,7,1.27,8.79,Attack
4.91,674.48,2,4.57,4.01,Normal
0.77,973.49,0,5.22,2.48,Normal
18.65,134.95,6,1.33,7.66,Attack
22.25,112.63,6,0.13,7.86,Attack
0.63,219.94,1,9.01,4.5,Normal
11.31,30.18,14,0.1,6.51,Attack
0.52,456.27,0,1.9,3.84,Normal
0.76,795.85,1,1.22,4.09,Normal
2.32,630.51,0,2.22,2.17,Normal
19.53,144.56,8,1.45,8.33,Attack
2.23,453.06,1,7.34,2.48,Normal
1.65,594.37,0,6.16,4.79,Normal
3.38,293.53,0,2.7,3.15,Normal
2.9,316.33,1,1.64,2.94,Normal
21.24,46.08,15,1.18,8.49,Attack
4.29,514.57,1,8.87,2.26,Normal
2.44,643.08,1,3.35,4.24,Normal
0.76,563.81,2,8.82,4.71,Normal
11.49,145.1,14,0.33,7.75,Attack
0.55,976.01,1,1.26,3.46,Normal
13.49,148.92,15,0.71,7.92,Attack
0.84,283.82,1,1.65,2.26,Normal
13.92,26.31,4,0.72,8.0,Attack
4.85,571.84,0,6.16,2.37,Normal
1.47,1161.12,2,6.29,4.3,Normal
11.9,43.18,8,0.17,6.99,Attack
2.21,760.85,1,4.32,4.01,Normal
15.09,70.33,7,0.83,6.27,Attack
3.79,363.14,0,1.61,2.15,Normal
1.28,1117.98,2,6.0,4.19,Normal
1.12,746.6,0,8.18,4.52,Normal
14.91,71.34,4,0.18,8.31,Attack
4.25,459.36,2,3.4,4.99,Normal
3.84,986.39,2,6.63,4.16,Normal
4.92,261.41,0,7.17,3.78,Normal
2.35,1149.78,0,9.12,3.07,Normal
2.87,584.45,0,1.61,2.21,Normal
11.24,74.58,8,0.98,7.91,Attack
13.65,32.7,7,0.51,7.13,Attack
1.42,341.71,0,2.75,4.75,Normal
1.85,750.91,0,7.41,4.62,Normal
4.32,742.44,2,1.06,3.28,Normal
2.14,1035.83,1,3.83,3.79,Normal
4.68,212.54,0,5.9,4.75,Normal
0.97,916.34,0,3.72,3.15,Normal
12.79,116.97,15,0.3,6.05,Attack
2.31,299.78,2,8.59,4.45,Normal
12.41,120.52,15,0.19,6.0,Attack
0.52,830.14,0,2.94,4.46,Normal
21.21,97.22,15,1.5,7.96,Attack
2.89,483.85,0,9.31,3.52,Normal
24.03,139.46,6,0.37,8.56,Attack
9.73,79.47,15,1.18,7.09,Attack
4.62,700.05,1,5.24,3.95,Normal
24.93,32.59,11,0.56,6.15,Attack
1.98,294.26,1,7.69,3.25,Normal
21.69,110.65,7,1.26,6.45,Attack
13.76,89.69,14,0.16,7.4,Attack
1.53,1072.55,2,9.74,3.35,Normal
15.75,101.84,15,0.66,7.52,Attack
1.44,861.98,1,8.99,4.31,Normal
3.34,330.26,0,5.6,3.97,Normal
4.03,1010.31,2,2.0,4.89,Normal
17.73,80.91,13,1.49,6.4,Attack
2.47,1095.5,0,5.78,3.62,Normal
11.38,99.28,5,0.47,6.87,Attack
0.64,1116.0,1,2.79,2.94,Normal
1.83,778.55,1,1.41,3.08,Normal
20.8,69.52,8,0.23,8.81,Attack
2.27,930.47,1,6.24,3.51,Normal
3.41,655.17,1,7.55,4.51,Normal
17.33,131.8,6,0.82,6.82,Attack
2.72,566.28,1,8.26,2.63,Normal
3.76,259.06,1,1.83,4.67,Normal
3.09,335.19,1,1.39,2.85,Normal
15.09,126.45,7,0.82,9.0,Attack
15.12,69.93,11,0.72,8.43,Attack
3.91,1055.28,1,8.46,3.02,Normal
24.09,93.87,5,1.25,7.58,Attack
24.42,97.42,4,1.31,8.62,Attack
18.24,92.08,9,0.33,8.68,Attack
13.89,25.05,7,1.18,6.58,Attack
0.54,1072.04,1,3.06,3.44,Normal
9.21,132.14,9,0.95,6.41,Attack
24.42,98.5,5,1.5,8.38,Attack
4.55,223.8,0,2.36,4.55,Normal
4.81,476.37,2,9.01,4.13,Normal
23.66,95.89,9,0.9,6.64,Attack
19.56,135.27,15,0.11,8.49,Attack
0.94,1000.24,0,3.63,2.18,Normal
9.1,69.32,4,0.46,7.71,Attack
3.57,336.53,2,6.01,4.64,Normal
1.8,333.62,2,1.27,2.91,Normal
0.98,565.97,1,9.7,2.82,Normal
1.42,422.02,2,2.57,3.24,Normal
3.09,550.68,1,7.24,3.43,Normal
15.47,109.4,13,0.82,7.2,Attack
19.78,104.68,14,0.12,8.29,Attack
2.33,641.7,0,7.82,4.43,Normal
17.71,44.14,7,0.23,6.96,Attack
15.0,47.52,12,0.36,6.34,Attack
4.03,995.7,0,9.77,2.53,Normal
24.96,76.61,4,0.92,6.07,Attack
2.43,303.09,1,3.92,3.0,Normal
1.6,396.43,0,8.39,2.61,Normal
2.28,719.43,1,6.94,4.98,Normal
4.2,754.76,1,5.34,2.63,Normal
9.16,76.8,7,1.34,8.82,Attack
1.61,955.29,1,5.7,4.33,Normal
4.25,699.82,1,7.43,4.29,Normal
21.9,46.25,11,0.89,8.89,Attack
12.81,90.16,12,1.32,7.41,Attack
8.79,60.64,10,1.08,6.47,Attack
3.58,749.17,2,5.12,3.98,Normal
23.46,27.69,7,1.24,6.95,Attack
4.44,396.0,1,8.16,4.43,Normal
3.21,798.31,0,6.1,3.68,Normal
4.75,1099.49,1,8.78,3.37,Normal
13.88,52.4,8,0.53,7.48,Attack
3.18,696.21,1,8.3,4.07,Normal
8.6,143.51,5,0.68,7.57,Attack
3.58,1071.6,2,5.05,3.77,Normal
0.7,444.02,0,9.43,2.3,Normal
4.84,469.18,2,2.92,3.96,Normal
22.39,29.79,13,0.19,8.47,Attack
18.05,112.18,8,1.44,7.86,Attack
4.94,1067.79,0,2.26,2.26,Normal
21.28,117.15,8,0.6,7.43,Attack
15.0,68.79,15,1.1,6.22,Attack
2.48,324.61,2,1.56,2.33,Normal
23.57,38.43,8,0.51,6.01,Attack
8.83,137.59,13,0.47,8.13,Attack
1.63,801.09,0,7.89,2.16,Normal
11.06,79.37,5,0.38,6.78,Attack
3.0,777.1,0,7.88,3.97,Normal
21.32,93.06,13,1.29,7.53,Attack
22.72,34.92,4,0.96,7.11,Attack
3.17,540.68,1,2.01,4.99,Normal
2.69,1105.52,0,9.7,2.5,Normal
2.56,752.49,2,3.61,4.08,Normal
1.38,912.41,1,1.94,4.25,Normal
19.85,47.61,7,1.34,8.61,Attack
12.24,133.62,6,1.33,6.86,Attack
19.53,141.18,7,1.45,6.88,Attack
2.68,367.98,0,4.14,2.67,Normal
15.4,113.61,15,0.88,8.69,Attack
2.92,933.62,1,1.88,3.01,Normal
17.14,64.91,5,1.35,6.91,Attack
19.51,69.98,7,0.83,6.79,Attack
4.11,604.72,2,3.51,4.46,Normal
4.72,1128.08,0,1.2,3.87,Normal
15.85,65.97,9,0.15,7.72,Attack
4.0,1044.06,2,9.06,4.84,Normal
20.81,108.19,8,1.0,6.49,Attack
1.89,362.38,2,2.9,4.35,Normal
18.81,82.02,6,1.06,7.38,Attack
4.01,665.85,0,3.27,3.9,Normal
4.21,775.53,1,9.59,3.46,Normal
8.15,23.19,4,0.91,7.98,Attack
17.04,74.0,10,0.71,6.62,Attack
21.85,107.89,5,0.2,7.67,Attack
22.57,50.4,11,1.29,8.0,Attack
4.64,1033.92,1,5.6,4.29,Normal
22.01,29.63,6,1.02,7.0,Attack
2.07,1108.68,0,7.99,3.85,Normal
2.76,785.96,0,5.93,3.42,Normal
0.55,589.82,0,6.0,4.76,Normal
0.52,316.15,1,9.13,2.55,Normal
2.2,959.82,2,3.52,2.26,Normal
4.44,303.04,2,7.62,3.65,Normal
9.92,132.24,13,1.08,6.09,Attack
4.59,549.72,0,4.71,3.1,Normal
4.97,344.59,2,9.27,4.14,Normal
2.84,993.91,0,9.81,2.06,Normal
0.56,839.73,2,6.52,4.22,Normal
4.48,1025.95,2,4.86,2.21,Normal
21.93,48.18,11,1.08,8.12,Attack
23.06,58.02,14,0.32,6.72,Attack
19.34,40.28,8,1.12,7.48,Attack
12.9,119.91,6,1.14,6.88,Attack
1.72,377.55,1,3.16,3.34,Normal
11.3,117.52,9,0.34,7.62,Attack
9.54,88.41,9,0.85,6.74,Attack
11.47,37.31,15,0.53,7.85,Attack
4.98,815.76,0,5.05,3.53,Normal
15.77,37.61,7,0.47,7.59,Attack
12.47,74.63,6,0.95,7.41,Attack
22.44,57.31,9,0.77,7.2,Attack
24.65,108.39,11,1.2,6.6,Attack
8.6,38.13,10,0.14,6.71,Attack
2.79,426.56,0,7.3,3.44,Normal
13.19,146.27,4,0.4,7.65,Attack
10.77,99.97,12,0.51,6.6,Attack
0.54,636.55,2,2.45,4.67,Normal
16.65,105.92,5,1.46,8.64,Attack
0.6,286.4,0,4.84,2.78,Normal
3.11,683.95,0,2.61,4.36,Normal
1.31,635.21,1,6.13,3.1,Normal
22.37,130.74,13,0.19,6.31,Attack
3.41,815.9,1,1.44,2.65,Normal
4.86,458.08,1,6.47,2.61,Normal
12.09,103.63,4,1.47,7.21,Attack
13.11,68.6,7,0.55,7.63,Attack
19.1,101.44,4,0.98,6.44,Attack
3.69,657.91,2,2.97,4.57,Normal
2.94,508.84,0,3.9,4.7,Normal
23.03,109.07,11,1.48,6.82,Attack
4.52,1031.21,1,6.94,2.22,Normal
8.99,24.14,5,1.29,8.3,Attack
20.1,111.62,10,1.47,7.47,Attack
9.19,137.83,5,0.26,6.86,Attack
16.37,133.18,10,0.76,6.03,Attack
2.67,914.08,0,6.48,4.41,Normal
11.4,149.0,15,0.13,8.56,Attack
17.21,40.36,12,0.41,7.39,Attack
4.56,876.96,2,9.98,4.83,Normal
3.6,1044.59,2,9.97,3.0,Normal
9.69,95.53,12,1.45,8.62,Attack
19.66,132.59,14,1.09,6.66,Attack
2.24,1076.08,2,6.85,2.89,Normal
4.5,1109.74,1,6.23,3.11,Normal
14.42,73.06,8,0.14,6.26,Attack
20.67,73.46,4,1.08,6.46,Attack
9.68,131.16,11,0.59,8.19,Attack
1.98,914.8,0,9.85,3.05,Normal
11.25,46.68,10,0.98,6.61,Attack
16.21,48.88,5,1.3,7.87,Attack
1.15,1180.19,1,6.49,2.35,Normal
23.47,31.35,11,0.24,8.24,Attack
1.9,633.81,1,7.11,4.55,Normal
1.69,524.87,1,3.98,4.31,Normal
24.96,42.25,4,0.47,6.93,Attack
14.76,81.51,6,1.4,8.68,Attack
0.57,543.6,1,1.63,3.69,Normal
21.19,77.31,12,0.94,6.93,Attack
21.19,58.4,11,1.49,6.67,Attack
21.45,65.1,12,1.05,8.43,Attack
13.14,130.67,13,1.19,6.5,Attack
23.31,25.85,8,1.26,8.96,Attack
4.86,301.64,1,9.4,4.46,Normal
10.11,134.93,6,0.53,6.94,Attack
3.84,735.79,2,4.21,2.0,Normal
18.61,32.93,4,0.49,8.17,Attack
20.92,89.16,13,0.44,7.51,Attack
17.82,143.56,12,0.45,7.04,Attack
1.53,1166.8,1,9.57,3.8,Normal
22.3,62.18,7,0.63,6.97,Attack
11.09,59.33,4,1.36,6.47,Attack
12.09,91.94,4,0.19,7.29,Attack
21.49,124.37,14,0.44,7.16,Attack
4.46,1012.97,1,3.97,4.44,Normal
21.95,145.36,11,0.8,6.45,Attack
20.09,86.04,15,0.95,8.49,Attack
17.49,46.46,7,1.33,7.7,Attack
20.16,76.01,7,0.5,6.7,Attack
21.26,112.32,10,1.42,6.27,Attack
3.02,1034.91,0,6.44,3.96,Normal
3.03,782.2,2,3.59,2.14,Normal
4.59,1124.89,0,5.87,4.88,Normal
3.03,730.62,1,8.21,2.76,Normal
4.48,925.11,2,6.2,2.86,Normal
1.51,687.46,2,4.85,3.09,Normal
3.17,363.8,1,7.87,3.43,Normal
9.5,121.19,5,1.08,7.51,Attack
0.98,1143.3,0,7.9,3.87,Normal
3.74,979.41,0,2.61,3.85,Normal
23.13,129.57,14,0.75,7.87,Attack
4.79,931.69,2,10.0,4.32,Normal
24.81,107.87,7,0.37,8.0,Attack
4.99,766.6,1,4.64,3.38,Normal
17.87,35.69,14,0.26,7.56,Attack
10.68,134.91,15,1.49,6.37,Attack
1.15,449.56,0,4.76,4.31,Normal
11.58,126.02,11,0.57,6.47,Attack
17.85,107.43,11,0.98,6.74,Attack
1.71,499.15,2,7.48,2.77,Normal
21.87,39.16,12,1.22,8.68,Attack
21.19,79.84,13,1.31,6.51,Attack
18.77,24.34,10,1.42,7.51,Attack
3.43,687.05,2,7.43,2.44,Normal
1.94,226.67,0,5.76,4.79,Normal
15.22,145.76,14,0.72,7.73,Attack
1.03,501.79,1,2.5,3.23,Normal
3.3,275.24,1,2.23,4.62,Normal
1.67,265.26,2,7.01,4.82,Normal
2.44,496.5,2,4.29,3.84,Normal
21.62,147.8,5,0.95,8.87,Attack
17.16,94.57,15,0.43,8.61,Attack
2.84,661.77,2,5.85,2.77,Normal
23.47,140.63,8,1.2,7.23,Attack
1.07,461.74,1,6.64,2.44,Normal
19.01,53.94,4,0.37,8.2,Attack
0.59,825.45,1,7.9,3.07,Normal
1.58,765.78,0,5.22,2.93,Normal
22.33,28.56,14,0.2,6.03,Attack
4.36,876.39,2,8.68,2.86,Normal
4.2,1139.3,1,3.33,2.76,Normal
0.84,659.68,2,3.26,4.1,Normal
20.96,110.35,4,0.31,8.41,Attack
14.51,23.67,8,0.61,6.57,Attack
16.29,24.53,13,1.32,8.32,Attack
0.82,690.01,2,1.55,4.51,Normal
17.85,28.46,14,0.36,7.55,Attack
2.53,703.88,1,8.3,4.46,Normal
1.11,324.02,2,9.63,4.92,Normal
2.59,814.22,1,7.75,3.19,Normal
16.89,104.95,12,0.65,8.66,Attack
3.2,1121.05,2,5.1,2.21,Normal
16.44,88.77,8,1.21,6.07,Attack
2.2,476.43,1,5.06,2.91,Normal
0.51,234.11,0,9.74,2.41,Normal
22.09,23.06,8,0.76,7.77,Attack
1.65,545.84,1,5.66,3.81,Normal
2.89,363.68,0,4.35,3.31,Normal
20.84,42.41,13,0.89,6.67,Attack
12.24,66.57,15,0.72,8.28,Attack
17.17,65.69,6,0.83,7.99,Attack
2.6,217.42,1,9.97,4.21,Normal
1.18,796.04,0,9.41,3.05,Normal
2.92,280.4,0,4.25,3.4,Normal
21.65,112.52,10,1.48,7.04,Attack
18.86,56.23,13,0.88,7.35,Attack
22.4,45.37,5,0.86,7.71,Attack
18.74,24.48,8,1.3,6.64,Attack
9.46,133.53,11,0.59,7.95,Attack
14.29,30.64,15,0.81,6.6,Attack
13.36,95.28,5,0.89,6.12,Attack
1.13,222.38,2,3.27,4.46,Normal
1.86,500.03,0,6.84,4.57,Normal
1.81,626.17,0,4.78,2.97,Normal
4.94,1127.56,0,5.95,4.65,Normal
16.64,49.69,13,0.16,7.94,Attack
4.28,452.97,0,1.69,3.68,Normal
1.47,306.71,0,3.13,4.27,Normal
22.03,99.17,12,0.69,8.69,Attack
14.11,33.29,10,1.49,6.11,Attack
17.54,149.01,13,1.46,8.78,Attack
4.6,293.59,0,6.06,3.84,Normal
2.03,936.96,2,6.34,4.95,Normal
16.36,138.06,13,0.67,6.72,Attack
20.95,58.79,11,1.15,7.94,Attack
1.04,703.7,0,4.39,4.65,Normal
3.42,309.57,0,2.73,2.85,Normal
9.44,38.14,6,0.98,7.36,Attack
3.27,917.45,1,6.28,3.53,Normal
1.66,310.6,2,7.25,2.1,Normal
1.09,725.52,1,1.76,3.26,Normal
12.06,48.83,8,0.91,8.86,Attack
20.68,113.9,11,0.19,7.72,Attack
15.74,122.8,9,0.36,7.91,Attack
15.32,65.49,10,0.27,7.03,Attack
4.92,704.84,1,8.62,2.16,Normal
15.15,131.42,8,1.2,6.33,Attack
21.8,72.1,9,0.57,6.25,Attack
9.21,135.55,14,0.46,8.4,Attack
21.91,133.0,13,1.45,6.6,Attack
24.25,85.37,15,1.44,8.98,Attack
9.83,67.29,9,0.54,7.36,Attack
18.08,67.81,6,0.8,8.5,Attack
0.77,793.01,2,7.04,4.67,Normal
18.53,78.66,12,0.95,8.87,Attack
24.96,44.02,13,0.74,8.37,Attack
3.15,502.66,0,3.02,4.81,Normal
4.01,346.63,2,4.92,3.82,Normal
0.91,416.2,0,4.2,3.15,Normal
0.61,223.8,0,9.37,3.25,Normal
17.57,134.49,7,0.34,8.52,Attack
3.85,1017.15,1,2.31,3.68,Normal
3.83,919.4,1,4.42,2.34,Normal
21.0,84.03,12,0.9,7.81,Attack
22.47,36.29,7,1.32,7.22,Attack
4.44,811.22,2,7.26,2.39,Normal
2.51,435.8,1,9.32,3.4,Normal
1.77,509.67,0,5.97,3.4,Normal
19.83,97.18,5,1.15,8.15,Attack
0.65,391.14,0,2.36,4.25,Normal
15.78,57.43,4,0.8,7.58,Attack
9.89,46.7,7,1.03,6.98,Attack
4.97,1143.57,2,8.85,3.43,Normal
3.49,1177.57,0,6.83,2.35,Normal
1.44,380.26,0,9.27,2.73,Normal
12.23,96.57,11,0.2,8.44,Attack
1.96,1118.86,1,9.95,4.94,Normal
4.39,753.69,1,5.89,3.71,Normal
12.83,126.25,5,1.21,6.11,Attack
2.71,465.77,2,3.9,2.4,Normal
3.42,988.66,1,9.03,3.55,Normal
1.19,617.04,1,5.75,3.82,Normal
4.54,1174.91,0,9.02,2.51,Normal
4.88,874.94,0,7.36,2.9,Normal
2.45,760.95,0,4.03,2.4,Normal
15.26,52.52,6,1.33,7.36,Attack
17.22,85.45,6,0.35,8.97,Attack
2.76,923.65,2,8.91,4.02,Normal
15.45,117.85,15,0.85,8.07,Attack
19.2,130.17,5,0.93,6.73,Attack
8.09,22.04,7,0.39,7.17,Attack
0.56,996.86,1,7.08,2.11,Normal
24.51,58.16,6,1.25,8.64,Attack
19.69,147.25,6,1.22,6.76,Attack
4.33,591.21,2,1.42,4.05,Normal
8.66,92.73,9,1.17,6.91,Attack
14.09,106.37,4,0.55,7.73,Attack
1.25,661.13,2,1.35,4.48,Normal
1.0,915.18,0,7.0,3.71,Normal
2.15,926.76,2,5.03,3.95,Normal
2.86,253.78,1,5.49,2.21,Normal
23.93,126.01,11,0.71,8.52,Attack
4.57,693.58,2,3.6,2.51,Normal
2.24,339.01,0,7.74,4.44,Normal
18.6,147.02,12,1.4,6.39,Attack
24.36,147.64,13,1.04,8.46,Attack
11.13,137.37,11,1.35,7.44,Attack
20.13,146.94,15,1.5,8.8,Attack
12.19,61.73,15,1.05,6.78,Attack
1.53,212.84,0,7.07,3.6,Normal
11.65,61.8,9,0.42,7.37,Attack
2.07,1026.59,1,5.55,4.55,Normal
21.95,134.64,12,0.54,8.49,Attack
1.6,327.46,2,5.01,3.33,Normal
4.48,1175.92,0,6.04,3.26,Normal
8.93,70.07,11,0.61,6.62,Attack
3.17,794.81,1,7.17,3.93,Normal
3.36,699.09,0,1.41,3.56,Normal
24.88,50.33,8,1.37,7.21,Attack
22.28,71.66,15,0.83,8.67,Attack
17.15,144.8,6,0.74,6.18,Attack
11.95,93.89,10,1.4,7.94,Attack
4.71,297.71,1,8.16,3.39,Normal
12.04,123.34,6,0.1,8.14,Attack
8.76,91.25,10,0.19,8.9,Attack
2.52,809.72,2,2.58,3.66,Normal
2.2,865.63,1,3.66,2.1,Normal
3.9,1131.68,1,6.04,2.24,Normal
2.96,1056.59,0,7.1,4.42,Normal
22.97,70.31,9,0.91,7.83,Attack
8.61,106.41,14,0.77,6.55,Attack
3.0,605.31,2,2.47,3.6,Normal
2.14,636.54,1,4.08,2.16,Normal
18.73,123.0,4,1.05,7.55,Attack
20.36,48.92,7,1.37,8.9,Attack
9.41,100.43,15,0.33,8.29,Attack
2.41,1158.02,1,5.9,4.91,Normal
4.53,336.95,1,5.42,3.6,Normal
3.0,329.11,2,5.19,4.6,Normal
14.0,122.02,12,0.71,6.92,Attack
1.94,881.62,2,8.78,2.38,Normal
13.65,147.58,4,0.53,6.09,Attack
2.92,470.58,0,2.12,3.87,Normal
3.87,796.65,0,1.69,2.75,Normal
18.17,146.53,14,1.24,6.66,Attack
14.45,38.77,15,1.46,7.57,Attack
23.22,132.89,6,0.35,8.1,Attack
12.63,28.74,6,0.64,8.78,Attack
15.57,125.7,12,0.65,7.66,Attack
3.4,786.8,0,2.44,2.24,Normal
3.48,331.14,1,2.14,4.05,Normal
15.83,36.59,9,0.54,7.33,Attack
2.82,959.39,2,6.89,2.94,Normal
3.95,202.73,0,2.1,2.4,Normal
12.49,65.3,9,1.19,6.38,Attack
4.81,919.17,1,3.82,4.5,Normal
12.96,56.3,13,0.14,7.02,Attack
1.61,577.72,1,4.92,2.83,Normal
13.68,72.7,9,0.78,6.77,Attack
21.77,64.66,5,0.95,7.05,Attack
2.0,965.9,0,2.48,3.87,Normal
4.93,1193.02,0,9.38,3.82,Normal
23.77,24.26,10,0.55,6.49,Attack
1.57,869.75,2,6.86,4.36,Normal
4.05,381.18,1,5.63,4.88,Normal
19.85,60.11,12,0.52,8.42,Attack
2.96,339.95,2,6.65,2.47,Normal
17.01,41.19,6,0.7,8.75,Attack
0.62,733.99,2,6.63,3.62,Normal
1.6,580.92,0,8.23,4.61,Normal
1.34,434.37,2,4.76,2.38,Normal
22.88,57.17,13,1.02,6.37,Attack
4.75,205.53,1,5.21,3.12,Normal
2.04,587.94,0,3.55,3.47,Normal
3.95,1028.9,2,6.1,4.22,Normal
1.2,231.33,2,6.35,2.62,Normal
3.14,1118.06,0,6.97,3.22,Normal
3.36,210.29,0,9.81,3.17,Normal
13.47,59.9,9,1.37,8.67,Attack
15.13,58.04,4,0.48,8.12,Attack
18.65,75.41,13,1.27,8.3,Attack
23.23,64.07,15,0.7,8.45,Attack
1.07,323.19,2,9.89,2.63,Normal
21.23,119.83,13,0.43,8.55,Attack
10.38,109.66,5,0.29,8.2,Attack
1.81,231.34,1,5.75,4.38,Normal
24.59,79.86,4,1.09,6.44,Attack
18.36,76.45,9,0.99,7.9,Attack
2.44,520.82,2,3.44,4.51,Normal
2.5,1184.97,1,4.72,2.51,Normal
2.3,1150.95,2,7.35,2.23,Normal
4.84,1169.21,2,8.88,2.65,Normal
10.27,106.22,14,1.42,6.6,Attack
1.59,375.88,0,4.88,2.92,Normal
4.24,557.93,1,5.42,3.01,Normal
14.37,26.09,4,1.19,8.27,Attack
19.93,56.88,4,0.23,6.5,Attack
1.38,334.09,0,2.83,4.18,Normal
12.96,47.64,10,0.22,7.18,Attack
12.85,43.27,15,1.34,6.06,Attack
16.68,80.83,9,1.49,7.75,Attack
3.44,635.26,1,3.31,2.07,Normal
4.16,1098.5,1,1.79,2.54,Normal
20.59,28.04,12,0.77,6.96,Attack
4.93,809.79,1,7.0,3.67,Normal
13.2,115.23,5,0.64,7.21,Attack
1.7,635.78,0,9.68,3.88,Normal
0.88,518.37,0,3.62,4.99,Normal
3.24,809.19,1,1.13,3.45,Normal
10.4,62.99,13,1.26,6.7,Attack
2.57,244.14,1,4.77,2.4,Normal
1.17,706.75,1,3.55,4.41,Normal
14.59,32.82,14,0.47,8.39,Attack
2.34,538.45,1,7.83,4.38,Normal
1.94,1063.87,2,1.35,2.32,Normal
18.66,47.59,12,0.87,6.8,Attack
8.54,23.95,13,0.21,7.95,Attack
17.27,84.14,7,0.11,7.83,Attack
24.3,37.41,13,1.33,6.76,Attack
21.68,118.84,6,1.36,8.69,Attack
24.21,30.97,6,0.41,7.31,Attack
2.84,1103.35,0,6.13,2.88,Normal
1.71,1056.7,0,9.87,3.46,Normal
2.22,316.69,0,5.89,3.98,Normal
1.13,999.12,1,3.18,2.59,Normal
0.85,821.4,2,6.62,4.82,Normal
2.93,355.26,2,5.64,3.48,Normal
18.1,20.17,10,0.53,6.84,Attack
12.38,54.62,7,0.26,8.23,Attack
1.87,915.98,0,7.39,3.05,Normal
18.48,121.34,15,0.18,6.18,Attack
12.78,84.65,15,0.2,8.83,Attack
13.36,93.96,7,0.68,8.76,Attack
14.72,129.11,11,0.31,8.87,Attack
24.43,73.39,4,0.9,6.83,Attack
14.94,127.63,10,0.54,7.62,Attack
2.76,664.61,0,7.02,4.24,Normal
24.49,36.9,13,1.33,6.73,Attack
18.05,139.46,15,0.26,7.74,Attack
9.93,131.79,6,0.22,8.64,Attack
1.17,309.98,2,5.0,2.86,Normal
2.44,345.0,2,4.51,2.46,Normal
8.93,80.25,4,0.8,6.47,Attack
2.25,1114.89,2,1.01,4.84,Normal
2.91,367.35,0,6.05,2.27,Normal
4.7,831.13,2,1.55,2.74,Normal
2.77,1017.44,0,8.51,3.17,Normal
2.6,476.02,2,7.62,2.48,Normal
10.46,83.96,5,0.11,7.67,Attack
11.98,118.07,11,1.02,6.15,Attack
15.48,122.29,12,0.14,7.6,Attack
1.95,444.02,1,3.54,2.41,Normal
4.78,223.43,1,5.0,4.82,Normal
11.07,104.48,6,0.27,7.07,Attack
3.29,267.44,0,1.73,4.32,Normal
1.31,892.61,1,5.24,2.4,Normal
4.4,340.56,1,1.55,2.64,Normal
19.0,80.01,14,0.22,6.51,Attack
8.97,85.71,9,0.68,7.03,Attack
9.22,38.69,12,0.91,6.91,Attack
17.15,45.69,11,0.35,7.35,Attack
4.24,220.47,0,3.36,3.23,Normal
11.43,142.64,13,0.62,8.58,Attack
20.58,91.63,7,1.46,8.29,Attack
2.29,503.66,1,6.31,4.87,Normal
3.36,971.65,2,7.47,4.63,Normal
21.98,29.86,6,1.07,7.07,Attack
3.79,640.95,2,1.89,2.39,Normal
23.78,63.11,15,1.07,8.53,Attack
3.69,966.89,2,3.73,2.77,Normal
14.2,39.25,8,0.28,6.8,Attack
12.86,47.74,4,1.21,7.79,Attack
0.74,1146.07,2,2.2,3.01,Normal
0.94,964.24,0,5.61,2.46,Normal
3.69,486.14,2,7.7,2.71,Normal
10.08,65.01,14,0.31,6.3,Attack
20.26,66.57,10,1.39,8.23,Attack
17.59,40.84,11,0.77,8.01,Attack
9.49,91.66,4,0.23,6.63,Attack
1.56,667.26,1,6.89,4.76,Normal
10.97,20.73,7,0.17,7.2,Attack
14.36,147.21,10,0.33,8.75,Attack
15.13,143.63,13,0.11,7.73,Attack
3.9,839.85,1,9.69,2.19,Normal
4.26,942.69,1,7.05,4.78,Normal
2.81,247.73,2,5.95,2.72,Normal
4.12,322.8,2,9.49,3.39,Normal
20.76,88.14,13,0.94,7.17,Attack
24.05,90.66,9,1.0,8.09,Attack
13.41,92.43,13,0.14,6.94,Attack
4.45,854.32,2,3.36,2.2,Normal
9.63,131.32,8,0.94,8.22,Attack
18.69,138.97,11,0.45,8.06,Attack
21.82,95.83,8,0.85,7.85,Attack
16.27,118.16,9,1.29,7.14,Attack
14.91,78.42,4,0.42,7.73,Attack
2.03,1073.98,2,2.88,2.34,Normal
2.53,1046.49,0,2.23,3.87,Normal
19.3,132.68,4,0.28,6.3,Attack
2.97,459.25,0,8.67,2.52,Normal
2.34,416.95,2,7.43,3.27,Normal
12.78,149.84,13,1.48,8.24,Attack
15.71,91.78,9,1.02,7.67,Attack
11.26,21.16,10,0.3,7.59,Attack
10.19,126.42,4,0.81,8.43,Attack
19.37,89.11,8,0.67,6.62,Attack
11.82,137.59,4,1.18,7.08,Attack
1.88,1053.1,1,6.72,3.91,Normal
4.57,743.69,2,3.07,2.14,Normal
22.37,131.27,13,0.85,9.0,Attack
4.53,1049.5,1,8.74,2.46,Normal
16.8,75.28,6,1.11,6.95,Attack
10.19,61.73,10,1.49,6.74,Attack
10.64,61.14,4,1.37,6.09,Attack
1.94,966.79,0,2.74,4.87,Normal
20.11,82.93,4,1.45,7.51,Attack
2.14,200.6,2,2.05,2.04,Normal
12.97,48.25,7,0.14,6.72,Attack
12.14,41.89,14,0.73,7.1,Attack
2.23,265.44,0,2.17,4.98,Normal
2.17,853.79,2,1.84,4.19,Normal
17.49,119.4,13,0.55,6.26,Attack
15.89,93.87,13,1.27,8.38,Attack
4.87,1168.82,1,9.26,2.8,Normal
0.9,328.84,0,9.41,3.68,Normal
4.81,1007.88,0,5.78,3.59,Normal
8.05,136.5,13,0.96,6.83,Attack
19.15,84.19,7,1.24,6.74,Attack
2.93,1039.11,2,3.9,4.63,Normal
3.05,524.78,0,3.05,4.8,Normal
12.77,130.37,5,1.17,6.45,Attack
24.62,141.18,12,0.5,7.36,Attack
10.28,121.96,7,1.24,7.0,Attack
1.45,593.95,1,3.63,4.79,Normal
0.54,745.9,1,4.91,2.02,Normal
3.53,952.2,0,3.55,2.14,Normal
4.61,372.9,0,2.92,3.65,Normal
2.11,867.54,0,7.6,4.67,Normal
19.38,76.96,13,1.02,8.88,Attack
4.11,275.93,2,5.92,4.32,Normal
3.93,1160.4,0,5.54,2.37,Normal
21.66,39.81,9,0.28,8.6,Attack
24.95,46.66,9,0.44,6.26,Attack
4.65,1111.19,2,7.53,2.74,Normal
15.09,51.65,12,1.21,8.04,Attack
24.15,56.47,7,1.13,8.6,Attack
4.15,490.18,2,4.13,4.97,Normal
13.42,78.53,14,0.98,8.78,Attack
4.37,219.14,0,7.83,2.4,Normal
1.76,955.08,0,5.27,4.29,Normal
1.19,1000.56,0,4.17,4.42,Normal
17.86,117.52,11,0.47,6.92,Attack
11.67,86.2,9,0.58,8.5,Attack
1.72,1015.98,1,1.14,3.68,Normal
4.12,366.03,0,2.9,2.94,Normal
19.38,91.73,5,0.4,6.84,Attack
1.43,637.68,0,2.35,4.95,Normal
0.85,864.43,1,8.81,4.73,Normal
24.46,48.99,6,0.59,7.64,Attack
1.32,1032.64,2,5.8,2.3,Normal
12.26,127.97,9,1.34,6.71,Attack
4.08,609.13,1,6.97,4.14,Normal
4.62,1059.3,1,6.45,3.78,Normal
1.06,774.64,2,6.6,4.17,Normal
13.3,105.89,7,1.16,6.13,Attack
12.24,78.99,7,1.38,6.42,Attack
1.17,436.79,2,4.67,2.46,Normal
10.3,38.01,13,0.65,7.58,Attack
1.06,1060.59,2,2.37,3.48,Normal
13.89,112.44,6,0.77,6.54,Attack
21.6,39.23,6,0.41,7.01,Attack
2.66,763.9,1,8.4,3.03,Normal
24.26,107.46,7,0.83,6.71,Attack
4.29,1172.59,0,2.5,3.23,Normal
9.56,104.7,5,0.37,8.59,Attack
13.73,56.58,6,1.48,6.91,Attack
4.75,855.38,0,1.02,4.05,Normal
12.09,98.59,13,1.47,6.31,Attack
12.59,79.12,13,0.34,6.11,Attack
24.42,63.72,5,0.54,8.58,Attack
16.04,25.27,12,1.02,8.69,Attack
3.62,880.69,2,3.95,4.72,Normal
19.83,72.82,11,1.35,6.65,Attack
12.86,37.89,15,0.74,8.56,Attack
3.22,710.53,2,5.53,3.65,Normal
8.42,38.36,9,0.33,8.1,Attack
0.92,451.45,2,8.72,2.73,Normal
15.4,117.48,10,0.13,7.47,Attack
0.95,981.76,0,5.6,2.08,Normal
2.76,616.76,1,5.21,3.54,Normal
3.76,580.02,0,2.56,2.57,Normal
8.26,144.04,14,0.53,8.92,Attack
23.12,41.82,15,0.22,8.13,Attack
18.7,103.78,15,0.27,7.27,Attack
10.57,54.49,11,0.23,6.16,Attack
1.43,392.82,1,8.15,2.55,Normal
10.09,100.7,14,0.88,8.27,Attack
1.46,941.97,0,3.12,2.13,Normal
1.84,1105.83,0,4.14,3.98,Normal
4.36,1106.36,0,3.65,4.91,Normal
8.75,43.08,10,1.21,6.78,Attack
24.89,82.38,6,0.71,6.82,Attack
3.74,445.67,0,8.24,2.14,Normal
3.05,990.89,0,8.26,3.18,Normal
20.28,100.2,15,1.13,7.2,Attack
17.98,126.35,10,0.93,8.52,Attack
22.39,76.58,10,0.6,6.11,Attack
1.69,301.89,1,3.68,3.33,Normal
0.67,672.84,1,1.67,4.16,Normal
24.33,27.11,7,0.26,7.54,Attack
2.88,1003.6,1,3.82,4.05,Normal
1.19,805.97,0,3.68,4.95,Normal
12.14,62.37,4,0.71,7.29,Attack
13.67,53.91,4,0.63,8.11,Attack
1.48,922.95,0,7.74,4.25,Normal
1.59,489.57,2,9.65,3.82,Normal
20.25,123.54,11,0.9,6.3,Attack
9.85,100.84,9,0.28,6.89,Attack
4.33,671.52,1,1.21,3.34,Normal
3.38,860.3,1,4.79,3.81,Normal
4.95,612.68,1,5.71,2.01,Normal
1.26,747.46,2,1.32,2.22,Normal
23.18,139.54,14,0.3,6.06,Attack
9.36,87.77,11,0.4,6.9,Attack
1.29,1085.24,2,4.95,4.05,Normal
3.36,393.73,1,5.87,4.32,Normal
16.02,124.04,5,0.72,7.06,Attack
3.27,249.55,2,9.57,3.99,Normal
1.39,561.42,2,8.92,4.03,Normal
15.73,143.57,11,0.56,7.06,Attack
12.24,145.25,4,0.42,7.99,Attack
3.31,1193.56,1,3.19,3.56,Normal
23.94,111.13,7,0.34,7.29,Attack
3.66,636.89,2,6.7,2.93,Normal
9.37,115.94,7,0.52,8.59,Attack
13.14,66.67,13,0.14,6.32,Attack
2.52,505.56,0,5.7,2.64,Normal
8.01,60.9,4,0.98,7.73,Attack
0.55,1186.81,0,1.33,2.94,Normal
1.55,1189.53,2,4.26,4.15,Normal
12.65,89.44,10,1.11,6.68,Attack
0.85,731.42,2,8.44,2.17,Normal
21.57,80.17,6,0.91,7.96,Attack
3.77,524.43,2,5.06,2.03,Normal
13.58,80.07,8,0.19,8.05,Attack
1.82,672.69,0,7.28,4.85,Normal
3.09,616.29,0,7.72,3.79,Normal
14.12,26.36,11,0.62,8.55,Attack
1.66,995.77,1,6.26,3.62,Normal
0.96,1173.1,2,5.92,2.51,Normal
10.3,97.76,6,1.4,7.59,Attack
22.31,121.14,6,0.86,7.16,Attack
4.21,331.28,0,7.67,4.79,Normal
11.14,41.89,10,0.8,6.39,Attack
11.0,40.71,6,1.11,8.34,Attack
19.1,126.4,8,1.47,8.05,Attack
2.53,833.23,2,5.56,2.52,Normal
13.03,50.76,13,1.16,6.71,Attack
12.46,93.09,12,0.36,7.25,Attack
8.47,33.71,5,0.53,6.1,Attack
22.24,35.91,5,0.74,8.52,Attack
2.39,1154.46,1,8.67,3.84,Normal
0.59,1030.92,0,2.65,2.3,Normal
4.18,732.18,2,3.17,4.33,Normal
17.83,56.24,9,0.46,8.94,Attack
15.38,79.41,12,1.35,7.58,Attack
16.66,86.16,7,0.21,8.66,Attack
12.81,38.67,4,0.4,8.1,Attack
2.2,881.26,2,6.71,2.97,Normal
9.97,93.16,8,0.35,8.05,Attack
1.89,303.8,1,2.33,2.81,Normal
15.87,113.01,5,0.29,7.56,Attack
15.34,127.02,13,0.93,6.6,Attack
20.54,100.46,4,1.32,8.2,Attack
9.67,144.99,15,0.73,8.76,Attack
14.77,52.78,9,1.43,6.31,Attack
2.54,715.69,0,4.24,4.65,Normal
0.59,393.86,1,8.82,4.56,Normal
22.81,78.46,14,0.73,7.54,Attack
20.69,35.4,7,0.97,6.57,Attack
9.74,26.42,10,1.22,8.2,Attack
11.13,139.01,10,1.39,7.81,Attack
20.07,93.7,14,0.96,8.57,Attack
10.29,88.76,15,1.02,6.72,Attack
2.36,786.07,0,3.39,3.95,Normal
24.87,23.32,15,1.48,8.82,Attack
2.89,987.6,0,9.47,2.03,Normal
20.58,23.82,15,0.94,7.66,Attack
4.38,560.07,0,4.84,2.87,Normal
0.81,1033.3,0,2.77,3.18,Normal
24.45,148.76,6,0.57,6.95,Attack
15.42,87.43,4,0.98,7.41,Attack
18.6,120.23,11,0.23,6.23,Attack
3.14,718.83,2,4.73,2.5,Normal
1.04,404.56,2,8.21,3.59,Normal
20.77,125.68,8,0.62,8.56,Attack
3.47,668.08,1,4.79,4.91,Normal
0.8,382.56,2,4.55,2.67,Normal
10.51,108.48,4,0.29,8.1,Attack
13.68,66.24,4,0.65,6.54,Attack
9.22,38.93,13,1.38,8.14,Attack
11.26,121.08,14,0.75,6.65,Attack
13.04,69.77,4,0.69,6.13,Attack
10.77,78.47,10,1.31,8.14,Attack
3.33,1081.46,0,8.79,2.5,Normal
19.91,109.03,4,0.29,8.21,Attack
19.78,24.46,14,0.68,8.77,Attack
19.15,75.71,7,1.1,6.74,Attack
14.15,101.95,4,0.65,6.9,Attack
15.66,47.11,8,1.45,8.91,Attack
2.82,207.7,0,3.22,3.38,Normal
4.71,1168.76,1,4.81,3.57,Normal
14.55,79.68,11,0.2,6.07,Attack
1.41,1101.23,2,1.46,2.66,Normal
3.04,845.6,1,1.93,4.4,Normal
20.11,64.29,11,0.88,7.23,Attack
0.63,884.81,0,7.44,4.45,Normal
4.96,767.11,2,2.94,4.06,Normal
19.37,65.31,15,1.37,8.36,Attack
3.6,807.07,0,3.74,4.9,Normal
10.82,52.46,13,1.2,6.27,Attack
0.89,813.36,0,5.25,4.7,Normal
20.16,21.81,11,0.39,6.74,Attack
2.25,431.71,2,7.04,2.6,Normal
9.43,64.27,15,0.45,7.44,Attack
13.53,120.6,14,0.21,8.65,Attack
3.67,1190.88,2,9.31,3.82,Normal
14.92,96.34,10,0.88,7.5,Attack
12.32,59.56,11,0.82,7.99,Attack
13.85,122.43,14,0.83,7.98,Attack
3.52,969.34,0,9.07,4.12,Normal
0.56,318.62,0,4.65,3.5,Normal
3.09,700.06,2,9.43,4.03,Normal
13.08,49.82,6,0.88,6.86,Attack
0.75,355.2,1,1.72,3.66,Normal
0.96,801.81,1,1.43,3.11,Normal
14.89,80.25,13,0.53,8.32,Attack
3.59,1061.9,1,7.4,2.23,Normal
21.13,83.3,13,1.06,7.71,Attack
2.37,922.59,0,7.05,3.97,Normal
4.53,842.6,2,7.53,2.22,Normal
2.57,686.58,2,7.08,4.66,Normal
3.91,667.67,1,1.03,4.69,Normal
17.92,132.83,9,0.54,6.45,Attack
4.07,840.25,2,9.78,2.76,Normal
4.21,552.21,2,6.57,4.12,Normal
1.32,327.07,1,3.77,2.15,Normal
1.43,213.57,1,5.03,4.97,Normal
4.48,353.34,1,3.65,3.5,Normal
3.72,237.33,2,4.53,5.0,Normal
3.68,1119.3,0,1.63,4.42,Normal
4.59,602.72,0,5.0,2.35,Normal
4.94,1017.45,1,3.03,2.29,Normal
13.69,87.39,11,1.11,6.92,Attack
3.31,1020.97,2,9.58,4.65,Normal
14.9,70.78,10,0.3,7.59,Attack
16.9,109.65,11,1.28,6.17,Attack
0.72,233.06,1,6.65,4.25,Normal
14.59,115.69,8,1.19,7.76,Attack
13.85,40.32,9,0.89,8.91,Attack
24.41,32.56,13,1.19,7.29,Attack
18.89,100.11,15,0.18,8.66,Attack
4.19,890.93,0,5.61,4.07,Normal
3.98,728.91,2,5.99,4.7,Normal
11.64,113.71,12,1.47,6.05,Attack
18.22,91.69,8,0.18,7.93,Attack
2.96,248.35,0,5.71,2.27,Normal
24.73,149.69,15,1.22,7.84,Attack
3.55,1166.18,2,3.92,4.81,Normal
22.08,91.95,8,0.15,8.61,Attack
23.52,125.36,15,0.65,7.26,Attack
3.98,1067.84,2,8.48,2.96,Normal
2.89,384.55,2,1.13,4.48,Normal
3.37,836.37,2,3.17,2.18,Normal
21.07,140.83,7,0.46,7.51,Attack
13.2,59.57,4,0.77,8.35,Attack
15.43,85.85,6,0.57,7.62,Attack
12.94,116.97,11,0.48,6.72,Attack
22.42,93.84,13,0.7,6.97,Attack
3.98,766.79,2,1.67,3.46,Normal
22.37,61.67,8,0.47,6.23,Attack
18.04,87.07,7,0.34,7.19,Attack
4.38,201.43,1,3.61,2.72,Normal
11.07,40.85,8,1.2,6.09,Attack
22.27,116.75,15,0.76,7.45,Attack
1.63,980.03,1,5.74,2.53,Normal
3.63,418.9,2,2.09,4.01,Normal
1.02,892.67,0,9.8,2.76,Normal
3.91,775.85,0,3.1,4.44,Normal
4.18,779.02,0,4.7,2.96,Normal
4.11,316.1,2,7.06,4.47,Normal
16.88,38.83,7,0.84,7.92,Attack
1.81,200.54,1,2.01,2.57,Normal
14.5,37.76,13,0.27,6.78,Attack
19.57,78.59,6,0.85,8.66,Attack
2.64,358.32,1,2.83,3.04,Normal
2.84,598.2,1,4.9,2.8,Normal
19.36,148.98,6,0.52,6.95,Attack
4.35,1111.85,2,4.67,3.62,Normal
10.21,41.38,7,0.91,6.47,Attack
16.37,25.15,10,1.26,7.94,Attack
10.16,41.23,7,1.01,8.12,Attack
3.39,817.35,2,1.75,4.59,Normal
15.01,121.04,9,1.23,7.19,Attack
2.36,831.36,2,5.32,4.23,Normal
9.52,20.99,15,0.38,8.14,Attack
3.87,670.98,0,7.92,2.17,Normal
16.53,142.64,14,0.44,7.15,Attack
9.9,112.83,9,0.46,6.05,Attack
3.23,1017.7,1,4.72,4.69,Normal
14.83,120.76,15,0.28,7.97,Attack
1.38,927.67,0,8.21,2.21,Normal
24.49,111.11,15,0.44,7.2,Attack
3.03,372.25,2,5.12,3.02,Normal
4.6,587.55,2,8.92,4.74,Normal
4.38,347.76,1,5.54,2.19,Normal
1.12,460.65,0,4.65,3.04,Normal
17.87,66.47,14,1.08,7.67,Attack
1.43,285.3,2,7.13,4.75,Normal
2.23,202.96,0,7.23,4.76,Normal
22.72,127.5,4,1.17,8.65,Attack
0.86,1136.84,1,6.31,3.63,Normal
4.53,1126.88,2,8.57,4.49,Normal
8.74,68.52,15,1.31,6.75,Attack
1.7,1070.11,1,7.9,4.34,Normal
3.57,1130.17,2,2.4,3.68,Normal
2.15,384.12,0,2.85,4.39,Normal
23.65,92.42,4,0.82,7.11,Attack
2.04,1131.34,2,2.76,4.23,Normal
1.75,421.09,1,4.03,4.84,Normal
3.16,933.62,1,8.14,3.25,Normal
11.91,77.82,8,0.6,6.3,Attack
2.28,562.53,1,3.48,2.97,Normal
2.98,1165.0,1,9.68,4.94,Normal
2.14,982.07,0,5.0,3.65,Normal
16.96,82.73,8,1.46,8.7,Attack
12.59,56.12,15,1.29,6.61,Attack
3.45,1039.19,1,7.94,2.42,Normal
9.42,67.96,14,0.55,7.14,Attack
4.68,710.96,0,8.98,4.85,Normal
3.63,739.31,0,3.23,2.52,Normal
9.3,70.83,6,0.92,7.5,Attack
11.86,115.03,8,0.55,7.15,Attack
17.78,100.95,4,1.1,8.33,Attack
9.61,38.9,13,1.15,7.12,Attack
15.38,93.79,13,1.4,7.65,Attack
0.8,281.36,2,2.5,2.99,Normal
11.88,47.19,4,0.81,8.15,Attack
8.09,128.32,11,0.52,7.23,Attack
0.71,1099.55,1,1.7,2.69,Normal
18.21,105.95,8,1.37,6.7,Attack
3.55,646.95,0,6.44,2.16,Normal
4.31,647.39,2,8.76,3.1,Normal
2.31,253.17,1,6.17,3.18,Normal
16.77,65.04,10,1.42,6.27,Attack
3.05,780.6,1,5.19,3.85,Normal
4.93,309.71,2,6.4,2.02,Normal
2.44,387.33,0,5.4,4.95,Normal
15.18,141.49,9,1.26,8.35,Attack
0.98,904.23,2,4.61,2.44,Normal
21.37,58.27,14,1.36,7.34,Attack
17.17,59.19,7,1.1,6.31,Attack
18.58,81.61,13,0.98,7.3,Attack
14.08,102.8,6,0.54,6.82,Attack
4.21,456.88,0,8.05,4.99,Normal
16.02,134.44,7,0.52,7.6,Attack
4.07,802.26,2,7.93,4.9,Normal
4.24,527.3,0,2.42,4.34,Normal
23.85,91.02,12,1.34,6.89,Attack
19.89,120.9,10,1.28,6.22,Attack
2.16,994.97,1,6.76,3.43,Normal
10.34,25.45,5,0.98,7.01,Attack
19.46,102.51,6,0.71,7.17,Attack
1.12,304.02,2,8.38,2.48,Normal
2.67,473.28,2,1.4,2.18,Normal
9.15,77.05,5,0.27,7.24,Attack
8.6,70.12,9,0.54,8.12,Attack
23.27,37.99,6,1.44,7.46,Attack
1.35,640.34,1,3.05,4.14,Normal
3.02,1145.24,2,5.35,4.68,Normal
1.98,629.31,1,8.01,2.88,Normal
16.81,147.56,14,0.34,8.73,Attack
3.73,898.92,0,2.26,2.28,Normal
21.1,101.06,11,0.6,8.24,Attack
0.91,964.97,2,3.87,3.2,Normal
11.34,75.18,13,0.93,7.51,Attack
4.58,1177.88,2,9.92,2.83,Normal
11.38,65.13,11,0.49,7.03,Attack
2.83,212.14,1,9.81,3.3,Normal
10.27,95.05,10,1.11,6.02,Attack
15.2,56.59,6,1.22,6.22,Attack
3.92,883.48,0,8.64,4.87,Normal
14.24,138.95,4,0.78,7.1,Attack
20.73,110.81,15,1.42,8.47,Attack
2.96,698.99,2,3.93,4.07,Normal
4.17,272.02,2,7.56,3.08,Normal
3.69,1090.78,0,8.59,4.69,Normal
2.91,485.39,2,6.92,2.01,Normal
1.53,1108.49,2,2.84,4.26,Normal
2.59,217.17,1,5.53,4.98,Normal
23.73,89.17,9,0.54,7.13,Attack
2.24,363.17,2,4.22,2.82,Normal
21.45,85.47,11,0.76,6.9,Attack
19.9,89.28,6,0.68,6.11,Attack
10.59,59.62,4,1.04,8.5,Attack
9.92,38.07,11,0.46,8.71,Attack
23.63,144.78,15,1.45,7.04,Attack
23.29,140.66,12,1.25,7.99,Attack
9.98,64.05,12,1.11,8.93,Attack
21.57,78.93,11,0.8,6.88,Attack
13.68,117.29,15,0.23,6.2,Attack
15.15,142.81,15,0.79,6.26,Attack
18.95,94.66,5,1.36,8.47,Attack
24.03,91.88,7,0.71,6.27,Attack
14.56,74.03,5,0.38,8.84,Attack
15.56,104.91,5,0.7,6.65,Attack
2.89,1166.3,2,5.95,4.86,Normal
23.37,33.14,4,0.91,7.11,Attack
8.86,83.32,9,0.6,7.92,Attack
1.84,221.2,0,7.49,4.67,Normal
3.03,795.57,0,9.96,4.85,Normal
4.24,1195.53,1,1.83,4.55,Normal
17.9,142.73,8,1.47,7.0,Attack
8.6,132.98,12,1.0,6.25,Attack
4.38,521.12,2,9.28,3.35,Normal
3.54,1025.92,0,9.97,3.94,Normal
11.45,127.28,7,0.26,8.37,Attack
8.98,51.5,6,1.43,6.97,Attack
18.48,84.01,12,0.71,6.13,Attack
0.7,579.68,2,10.0,2.02,Normal
4.17,317.92,0,7.42,3.0,Normal
19.98,48.68,10,0.11,6.81,Attack
0.76,363.04,0,1.63,3.99,Normal
1.85,927.82,2,6.29,2.6,Normal
2.34,391.7,2,4.25,4.72,Normal
3.34,653.91,1,1.1,2.03,Normal
20.96,34.16,9,1.28,6.22,Attack
15.86,45.79,15,0.96,7.44,Attack
18.98,35.02,7,1.43,7.01,Attack
3.84,649.71,0,9.62,4.66,Normal
17.38,69.54,6,0.16,8.09,Attack
21.4,110.61,5,0.52,7.72,Attack
4.86,1112.5,0,4.72,4.4,Normal
11.58,113.6,10,1.21,7.75,Attack
1.03,417.86,0,2.03,3.8,Normal
16.02,93.31,6,0.6,7.54,Attack
2.65,571.88,0,7.43,4.83,Normal
3.89,1148.54,0,3.05,4.79,Normal
3.18,1125.34,2,5.77,2.51,Normal
16.1,75.46,13,1.1,7.9,Attack
15.44,65.28,5,0.37,7.03,Attack
2.7,950.19,1,5.7,3.79,Normal
20.78,50.33,5,0.56,7.61,Attack
14.64,34.88,13,1.23,7.42,Attack
2.0,1124.77,0,2.2,2.35,Normal
2.63,778.58,1,5.73,3.65,Normal
4.98,640.96,1,8.09,4.83,Normal
22.0,131.58,15,1.08,8.56,Attack
13.16,58.54,14,1.22,6.03,Attack
1.29,553.72,2,4.43,3.07,Normal
0.72,1029.98,1,5.3,3.32,Normal
19.62,53.95,11,0.86,8.0,Attack
1.93,321.2,0,3.7,4.16,Normal
13.53,24.96,10,0.32,7.51,Attack
0.8,768.07,2,5.85,2.81,Normal
2.67,483.01,0,9.67,2.31,Normal
11.21,71.74,7,0.75,7.06,Attack
8.37,122.08,15,0.56,6.03,Attack
4.19,974.22,1,7.05,3.75,Normal
1.7,295.03,1,7.23,4.13,Normal
10.8,39.88,9,0.59,6.5,Attack
8.86,38.2,7,1.42,8.56,Attack
2.69,1158.4,0,3.9,2.76,Normal
1.0,680.19,1,2.91,4.37,Normal
1.08,701.92,2,8.41,3.36,Normal
22.66,101.59,11,1.03,8.57,Attack
3.6,725.39,1,2.9,2.71,Normal
24.96,136.45,4,0.89,8.36,Attack
3.49,676.34,1,1.18,2.6,Normal
0.51,1174.45,1,1.51,2.0,Normal
1.82,1019.75,1,9.15,2.63,Normal
16.3,68.01,8,0.71,8.65,Attack
4.36,341.23,1,9.11,3.85,Normal
23.54,126.85,10,0.26,6.78,Attack
3.37,484.43,0,9.47,2.6,Normal
0.74,918.73,1,7.56,4.68,Normal
23.34,74.69,7,0.18,8.47,Attack
1.95,1087.17,1,9.24,3.13,Normal
15.15,119.67,5,1.15,6.81,Attack
20.75,122.88,9,1.07,8.07,Attack
23.52,136.6,4,0.31,6.52,Attack
4.44,1103.18,1,2.27,3.44,Normal
1.3,730.52,2,8.37,4.31,Normal
3.16,580.92,1,7.0,3.15,Normal
3.57,750.47,2,6.11,3.56,Normal
3.55,1036.75,0,5.51,4.47,Normal
1.43,1091.29,2,5.3,2.83,Normal
4.18,1153.88,1,9.1,3.86,Normal
24.42,73.63,13,1.14,7.64,Attack
8.09,76.35,12,0.93,6.72,Attack
3.07,833.54,0,6.37,2.95,Normal
1.23,696.31,0,5.28,2.36,Normal
17.7,114.11,10,1.09,7.43,Attack
9.16,141.02,11,0.85,7.64,Attack
1.32,726.72,0,1.15,2.89,Normal
24.8,49.18,12,0.19,7.01,Attack
15.06,103.49,6,0.17,6.69,Attack
4.29,251.24,1,4.41,2.93,Normal
0.79,411.87,0,4.64,4.65,Normal
2.43,755.12,1,5.43,3.67,Normal
3.56,491.94,2,4.88,2.1,Normal
4.35,743.87,1,2.97,2.64,Normal
4.34,1026.61,1,6.78,2.1,Normal
2.97,622.06,0,1.05,4.23,Normal
17.63,45.98,9,0.31,7.47,Attack
2.42,624.2,1,8.86,2.1,Normal
23.26,75.02,10,0.6,7.24,Attack
1.6,1172.82,1,4.03,4.83,Normal
13.4,55.74,7,0.85,6.34,Attack
19.04,132.14,6,1.14,8.35,Attack
3.95,507.19,2,3.28,4.49,Normal
4.21,1016.74,2,9.13,2.52,Normal
1.76,1080.24,2,4.71,4.83,Normal
16.67,29.14,12,0.54,8.12,Attack
20.03,72.32,4,0.68,8.51,Attack
17.17,68.61,11,1.19,8.78,Attack
20.64,31.49,11,0.38,7.82,Attack
12.83,33.38,12,0.92,7.66,Attack
4.21,928.12,0,4.07,4.98,Normal
10.56,51.19,10,0.56,7.35,Attack
8.91,55.24,7,1.02,6.42,Attack
22.5,23.9,5,0.22,8.7,Attack
4.44,666.46,0,3.75,2.02,Normal
4.09,241.87,2,1.6,4.81,Normal
19.91,129.92,13,1.39,7.83,Attack
2.92,1175.7,1,6.57,4.06,Normal
3.4,843.84,1,2.01,4.35,Normal
14.59,148.45,5,0.88,7.57,Attack
4.87,1179.62,0,5.12,4.43,Normal
24.68,69.95,7,0.55,6.45,Attack
2.22,1021.17,2,1.73,3.06,Normal
1.34,743.18,1,8.58,4.37,Normal
9.07,137.0,13,0.37,7.64,Attack
4.93,347.18,1,1.41,4.02,Normal
3.01,322.69,1,7.84,4.98,Normal
18.29,132.58,15,0.85,6.89,Attack
1.28,927.65,0,8.18,3.7,Normal
14.76,42.65,11,0.82,6.89,Attack
4.69,275.32,0,3.07,4.63,Normal
10.97,97.97,6,0.33,6.02,Attack
17.14,133.37,14,1.44,8.93,Attack
3.82,468.42,2,4.84,2.52,Normal
4.12,905.17,2,6.01,4.35,Normal
9.99,44.5,5,1.07,6.08,Attack
0.71,735.61,0,8.09,4.06,Normal
17.22,118.12,7,0.99,7.98,Attack
5.0,809.13,1,8.24,4.49,Normal
16.71,43.42,15,0.86,7.73,Attack
3.22,210.68,2,4.15,4.02,Normal
24.06,42.32,4,0.82,7.38,Attack
0.78,581.82,0,7.62,4.92,Normal
2.7,821.98,0,2.85,3.96,Normal
19.86,141.97,7,1.26,8.23,Attack
19.15,35.72,12,0.89,6.68,Attack
17.98,136.81,14,1.44,7.04,Attack
19.09,30.32,15,0.93,6.02,Attack
0.78,214.62,1,6.36,4.74,Normal
16.84,68.65,13,0.4,8.39,Attack
16.02,115.34,5,1.31,7.71,Attack
17.5,63.75,5,1.11,7.42,Attack
9.46,77.11,13,0.31,7.72,Attack
12.81,54.2,10,0.16,8.76,Attack
2.75,317.43,1,2.64,2.14,Normal
10.54,26.11,6,0.37,6.07,Attack
10.34,110.57,12,1.4,7.32,Attack
3.88,495.66,2,3.1,4.97,Normal
3.0,417.42,0,8.01,3.89,Normal
0.9,1187.83,1,2.25,4.31,Normal
9.36,66.47,4,0.45,7.69,Attack
2.51,277.2,1,7.27,2.98,Normal
17.12,31.28,11,0.18,6.71,Attack
23.03,86.97,6,0.27,8.77,Attack
8.75,86.68,6,1.36,7.03,Attack
4.28,838.83,1,8.44,3.76,Normal
17.33,49.14,13,0.16,8.64,Attack
12.53,91.24,9,0.71,7.43,Attack
8.71,148.09,11,0.11,6.26,Attack
23.33,125.6,11,0.94,6.67,Attack
1.52,862.48,1,4.14,2.11,Normal
2.18,826.35,2,2.22,3.66,Normal
17.77,97.13,4,1.3,6.07,Attack
4.52,638.18,0,1.27,4.63,Normal
10.34,143.66,13,1.2,6.89,Attack
11.14,39.48,14,0.53,8.54,Attack
9.18,65.3,13,1.11,6.17,Attack
8.43,36.47,11,0.19,7.7,Attack
8.53,120.44,15,0.1,8.89,Attack
22.98,20.95,12,0.28,8.7,Attack
18.92,105.23,7,0.3,6.9,Attack
0.94,1172.92,2,6.22,4.33,Normal
3.8,728.25,2,3.58,3.49,Normal
4.24,598.65,1,9.32,3.42,Normal
12.47,119.02,5,0.85,8.02,Attack
14.54,78.13,14,0.18,7.05,Attack
13.48,88.06,15,1.2,7.48,Attack
3.61,283.47,0,3.25,3.74,Normal
1.94,1124.96,2,5.16,2.25,Normal
13.69,101.06,13,0.88,6.71,Attack
19.76,119.63,12,0.61,8.02,Attack
3.21,863.91,0,6.89,3.55,Normal
4.95,1030.81,2,4.01,2.76,Normal
12.64,84.21,13,0.61,7.21,Attack
3.74,666.97,0,8.3,4.74,Normal
2.9,704.16,0,7.12,2.26,Normal
22.88,132.04,6,0.28,6.63,Attack
12.84,108.87,10,0.56,8.58,Attack
0.7,764.3,2,7.62,3.62,Normal
23.88,60.61,7,1.42,6.14,Attack
1.65,313.91,1,4.82,4.95,Normal
4.82,590.78,0,1.34,4.35,Normal
3.37,341.85,1,7.79,4.92,Normal
19.17,68.4,13,0.42,6.26,Attack
9.4,81.85,9,0.43,8.78,Attack
8.89,84.18,15,0.77,7.64,Attack
10.01,133.63,13,0.1,6.15,Attack
14.61,48.59,12,0.82,8.25,Attack
3.35,1159.22,1,9.93,3.63,Normal
21.56,94.9,8,1.11,6.48,Attack
13.02,142.39,12,0.6,6.53,Attack
15.58,96.05,10,1.46,6.16,Attack
1.43,1000.65,1,1.77,4.33,Normal
2.12,508.69,0,2.44,3.96,Normal
24.6,76.1,15,0.68,8.14,Attack
3.31,597.96,2,2.91,3.45,Normal
4.83,1011.77,1,7.84,2.18,Normal
22.91,132.55,12,1.31,6.84,Attack
21.29,80.93,15,1.08,7.25,Attack
9.28,96.41,10,1.47,8.6,Attack
13.1,149.91,5,0.71,6.78,Attack
18.83,100.81,11,0.44,8.82,Attack
4.13,1119.89,1,3.9,4.74,Normal
24.62,93.58,11,0.34,8.97,Attack
24.87,92.15,4,1.48,7.22,Attack
3.54,739.38,1,9.35,2.6,Normal
8.76,62.43,11,0.93,7.88,Attack
18.76,56.6,5,1.28,7.46,Attack
0.5,456.62,2,9.56,4.78,Normal
20.33,47.38,8,1.14,7.75,Attack
15.56,114.38,12,0.75,6.61,Attack
22.01,34.05,8,0.36,7.07,Attack
3.53,855.52,0,4.82,4.83,Normal
2.41,1111.49,0,1.91,2.07,Normal
0.83,1130.67,1,5.74,2.37,Normal
0.89,370.23,2,8.56,3.19,Normal
1.0,221.66,2,8.25,2.19,Normal
3.15,751.59,2,7.68,2.64,Normal
3.08,1090.5,2,7.59,2.56,Normal
2.3,348.23,1,8.07,4.93,Normal
19.0,111.48,4,0.61,6.67,Attack
22.93,52.13,4,1.38,8.81,Attack
1.58,1133.1,2,5.15,3.47,Normal
17.44,79.19,4,0.51,7.79,Attack
4.34,632.81,1,2.14,3.55,Normal
20.67,101.51,8,0.18,6.1,Attack
0.95,297.04,1,8.11,3.71,Normal
19.6,103.11,10,0.19,6.69,Attack
4.75,902.26,2,9.04,2.98,Normal
18.88,26.65,7,0.9,8.53,Attack
3.01,768.73,2,5.07,2.04,Normal
13.39,124.57,4,0.78,8.93,Attack
0.85,341.97,1,5.17,4.15,Normal
14.06,93.44,5,1.44,7.19,Attack
10.82,88.4,9,0.59,6.2,Attack
12.08,32.0,15,0.83,8.32,Attack
0.75,973.23,0,2.11,3.92,Normal
12.32,58.17,6,0.41,7.64,Attack
18.54,139.35,14,0.13,8.33,Attack
22.85,69.84,13,0.99,8.64,Attack
15.9,41.67,10,0.51,6.44,Attack
24.1,82.81,9,1.25,7.82,Attack
0.91,997.02,2,6.11,2.33,Normal
10.0,53.61,9,0.76,7.2,Attack
14.1,107.61,12,1.33,7.61,Attack
14.52,32.44,8,1.36,7.3,Attack
21.65,30.92,5,1.3,8.26,Attack
17.53,125.59,12,0.81,6.03,Attack
4.28,847.73,0,9.49,3.16,Normal
9.13,64.85,8,1.18,8.3,Attack
4.83,1096.42,0,2.82,2.32,Normal
0.89,202.12,0,9.67,4.61,Normal
3.02,691.89,2,7.54,4.61,Normal
12.04,36.54,10,1.18,7.81,Attack
16.04,99.83,13,0.19,8.18,Attack
23.56,68.54,6,0.76,7.86,Attack
16.55,98.58,13,0.81,6.52,Attack
0.95,654.84,1,5.35,3.4,Normal
17.03,133.9,13,0.7,7.13,Attack
1.83,958.86,2,9.46,4.12,Normal
11.17,23.8,10,1.46,7.96,Attack
2.45,389.06,1,6.54,4.23,Normal
21.77,67.4,9,0.8,7.02,Attack
1.88,1141.18,0,5.1,4.1,Normal
1.45,415.55,0,8.86,3.2,Normal
4.64,954.34,2,2.98,2.92,Normal
2.11,849.19,0,8.64,4.21,Normal
2.14,876.68,2,9.09,4.96,Normal
18.17,64.02,11,0.8,8.21,Attack
2.16,376.65,0,4.39,3.32,Normal
4.51,515.53,1,8.05,4.97,Normal
21.72,74.51,15,1.16,7.63,Attack
14.98,73.01,10,0.33,8.79,Attack
1.07,836.5,1,8.47,4.68,Normal
17.36,129.59,9,0.84,8.63,Attack
2.67,1118.94,1,1.43,3.61,Normal
11.25,84.26,6,0.46,8.79,Attack
3.37,263.3,1,8.63,4.66,Normal
12.42,137.26,13,0.25,6.65,Attack
3.25,912.75,0,7.6,2.42,Normal
16.32,106.57,15,0.38,8.67,Attack
2.43,627.61,0,9.52,2.57,Normal
15.69,86.09,4,0.25,7.78,Attack
8.71,54.0,8,1.23,7.43,Attack
3.72,854.39,2,7.07,3.54,Normal
1.2,431.78,2,7.64,3.49,Normal
8.09,30.49,9,1.46,7.39,Attack
14.27,147.47,12,0.72,6.03,Attack
1.15,390.15,2,5.67,4.75,Normal
2.3,585.16,2,6.33,2.2,Normal
3.65,629.45,2,7.64,3.55,Normal
8.38,58.92,11,0.77,8.84,Attack
24.16,56.45,4,1.24,6.88,Attack
3.48,316.33,1,1.07,2.65,Normal
4.58,565.14,2,2.84,3.2,Normal
21.94,59.47,6,0.7,6.68,Attack
0.53,498.02,1,5.48,3.8,Normal
0.74,364.11,0,7.72,4.9,Normal
1.69,469.04,2,7.43,2.55,Normal
3.08,606.83,1,7.84,2.35,Normal
18.19,76.92,10,0.87,8.3,Attack
3.54,485.28,2,4.37,4.37,Normal
3.33,1107.73,2,9.65,3.36,Normal
16.43,26.65,4,0.55,7.63,Attack
20.1,65.76,7,0.31,8.17,Attack
0.9,249.4,1,3.24,3.46,Normal
3.35,906.71,2,6.48,4.12,Normal
12.76,141.21,11,0.95,6.71,Attack
0.6,331.92,1,2.99,4.32,Normal
17.75,70.04,5,1.1,8.78,Attack
2.92,1146.49,1,1.72,3.63,Normal
15.94,115.49,9,1.28,8.94,Attack
17.06,66.09,4,0.2,8.67,Attack
1.45,561.98,0,5.02,3.39,Normal
2.32,321.08,1,2.74,2.59,Normal
16.64,84.74,7,1.33,8.34,Attack
3.79,586.85,0,8.83,4.05,Normal
11.03,67.5,8,0.92,8.82,Attack
1.01,705.3,2,7.77,3.22,Normal
19.91,64.92,8,1.48,6.15,Attack
8.59,68.86,9,0.15,8.11,Attack
3.64,986.45,2,3.46,2.3,Normal
4.02,728.79,1,2.37,4.18,Normal
11.38,97.64,7,0.55,7.35,Attack
14.29,25.83,4,1.44,8.07,Attack
2.9,1012.87,0,9.58,2.69,Normal
3.89,736.33,1,3.71,2.64,Normal
21.2,28.37,12,0.28,6.4,Attack
12.35,93.77,8,1.4,7.1,Attack
0.83,835.41,2,9.96,3.77,Normal
3.92,1061.69,2,9.2,3.48,Normal
2.71,1031.75,0,8.05,3.65,Normal
2.14,622.45,0,4.11,4.0,Normal
21.77,35.92,13,0.73,6.16,Attack
1.98,608.23,2,5.38,4.6,Normal
4.72,348.51,0,3.47,2.14,Normal
17.41,110.35,5,0.94,8.81,Attack
22.8,97.32,5,0.66,7.96,Attack
14.23,56.74,8,0.87,6.44,Attack
1.49,389.02,1,4.89,3.92,Normal
17.19,55.43,4,1.38,7.41,Attack
1.63,830.46,2,5.14,4.49,Normal
8.3,94.38,9,0.53,6.16,Attack
1.22,959.07,1,6.71,4.06,Normal
8.87,149.91,12,1.48,8.52,Attack
15.0,132.0,6,1.39,6.23,Attack
23.25,76.19,8,1.46,8.52,Attack
3.25,674.22,0,6.71,2.68,Normal
16.63,26.71,12,1.03,6.11,Attack
2.66,572.94,2,6.95,2.56,Normal
4.65,1117.18,0,2.21,2.76,Normal
9.15,31.65,6,0.9,6.4,Attack
17.94,105.52,7,0.42,7.25,Attack
17.09,93.44,9,1.06,6.71,Attack
14.8,149.08,4,0.41,8.14,Attack
2.55,455.18,1,1.41,3.08,Normal
15.44,94.47,15,1.37,7.65,Attack
8.38,127.1,12,0.63,8.65,Attack
18.53,124.01,7,1.4,8.04,Attack
13.83,87.51,4,0.33,8.13,Attack
3.92,1024.99,2,6.52,4.45,Normal
4.87,897.68,0,1.15,4.98,Normal
19.36,126.3,11,0.31,6.61,Attack
2.54,582.03,2,4.17,3.29,Normal
1.98,407.34,0,8.59,2.89,Normal
2.33,941.32,1,2.04,2.63,Normal
20.17,113.54,15,0.59,7.33,Attack
15.88,141.24,11,0.74,8.02,Attack
8.2,111.2,10,1.43,8.38,Attack
12.74,36.91,14,0.44,8.18,Attack
20.83,41.0,11,1.1,6.85,Attack
3.87,720.68,0,4.62,2.67,Normal
11.58,102.99,13,0.71,8.63,Attack
4.43,655.84,0,4.59,2.19,Normal
17.26,90.74,10,0.27,8.25,Attack
3.34,372.98,1,8.84,4.91,Normal
21.74,54.5,11,0.54,7.39,Attack
1.97,620.96,2,8.07,2.29,Normal
3.72,964.96,0,2.38,4.27,Normal
19.71,149.63,9,0.21,6.7,Attack
2.49,569.33,2,8.8,3.2,Normal
21.23,124.05,14,1.08,6.88,Attack
2.05,672.16,0,2.94,2.05,Normal
0.79,342.74,0,3.71,3.43,Normal
1.6,341.23,1,2.62,3.04,Normal
15.12,104.48,5,1.2,8.39,Attack
15.53,127.94,7,0.16,6.32,Attack
9.76,62.46,15,0.61,6.13,Attack
23.41,43.72,6,0.6,8.23,Attack
19.51,120.26,4,1.21,6.99,Attack
1.42,1145.87,0,9.45,3.7,Normal
20.2,147.74,14,1.07,8.64,Attack
13.98,33.41,10,1.43,8.41,Attack
2.5,889.28,1,7.15,2.2,Normal
4.92,972.53,1,2.68,3.76,Normal
8.94,103.3,14,0.75,6.67,Attack
4.62,946.85,2,8.07,4.3,Normal
2.5,283.42,1,6.65,3.34,Normal
10.97,64.77,7,0.66,8.93,Attack
24.71,42.14,11,0.1,6.34,Attack
1.7,912.17,1,6.35,4.17,Normal
4.75,307.03,2,5.76,4.2,Normal
1.48,510.34,2,2.97,4.52,Normal
2.81,667.1,1,10.0,4.07,Normal
2.37,566.9,2,2.77,3.15,Normal
21.07,29.18,7,0.91,6.93,Attack
4.56,787.2,2,3.71,2.81,Normal
19.79,58.42,12,0.83,7.51,Attack
18.19,47.66,5,0.95,8.14,Attack
15.46,123.96,6,0.95,6.13,Attack
8.3,75.8,6,0.99,8.23,Attack
1.9,583.51,0,4.23,4.48,Normal
11.99,80.44,13,0.66,8.71,Attack
24.59,85.64,8,0.65,8.63,Attack
2.82,203.59,0,4.67,2.62,Normal
2.04,524.12,0,9.79,4.62,Normal
0.76,946.43,2,8.86,4.0,Normal
10.19,97.67,15,0.49,6.65,Attack
15.88,45.78,6,0.29,6.71,Attack
3.96,1017.87,0,6.37,2.41,Normal
2.92,386.07,0,3.1,4.32,Normal
12.27,92.44,13,0.46,8.85,Attack
11.31,88.12,9,0.2,7.18,Attack
3.02,839.5,1,1.48,3.59,Normal
3.96,240.04,2,5.95,4.76,Normal
1.41,316.55,0,9.94,2.34,Normal
1.95,633.32,1,4.04,4.92,Normal
4.44,458.8,1,6.43,4.78,Normal
4.49,515.0,0,6.73,3.9,Normal
19.0,51.34,4,0.97,8.28,Attack
1.76,856.13,1,1.52,2.08,Normal
11.5,55.03,5,1.33,6.49,Attack
13.08,32.29,8,0.33,8.75,Attack
19.59,135.31,11,1.12,7.12,Attack
24.06,22.96,6,1.13,7.34,Attack
19.1,48.87,11,0.39,6.15,Attack
11.29,42.28,7,0.46,8.27,Attack
2.92,707.83,1,1.6,4.98,Normal
0.52,981.45,1,9.52,3.49,Normal
22.14,63.64,15,1.02,6.03,Attack
3.55,751.72,1,3.98,3.11,Normal
2.59,1027.89,1,9.21,4.59,Normal
4.95,527.93,2,3.7,4.2,Normal
2.91,1097.02,0,9.96,4.14,Normal
10.5,139.59,9,1.13,8.14,Attack
1.26,1013.68,2,2.55,4.33,Normal
2.16,370.76,1,6.7,3.75,Normal
8.52,89.53,15,0.84,6.21,Attack
24.19,54.32,4,0.12,6.3,Attack
2.94,926.48,2,6.46,2.0,Normal
3.43,1084.63,2,1.51,3.45,Normal
14.04,62.13,14,1.1,8.75,Attack
18.56,127.84,7,0.65,6.18,Attack
3.64,1088.18,1,6.78,4.78,Normal
1.2,572.0,2,4.84,3.1,Normal
1.28,362.82,0,4.79,3.39,Normal
24.6,123.87,11,1.22,8.42,Attack
22.75,29.53,8,0.84,8.38,Attack
22.27,80.04,15,1.09,6.7,Attack
2.1,866.09,1,3.73,2.76,Normal
20.9,29.17,12,0.71,6.56,Attack
2.74,714.64,1,4.61,2.88,Normal
14.77,139.62,4,0.52,6.85,Attack
24.29,124.91,5,1.3,6.76,Attack
1.21,783.9,1,8.32,4.23,Normal
15.21,97.0,13,1.28,7.19,Attack
3.53,1035.21,0,4.28,4.26,Normal
0.8,457.98,0,1.18,4.79,Normal
3.88,320.91,0,8.24,4.53,Normal
1.73,929.38,2,1.21,2.94,Normal
3.46,560.52,1,3.53,4.6,Normal
3.91,436.88,1,9.28,3.75,Normal
2.6,560.48,2,1.39,2.83,Normal
2.65,646.4,0,9.59,2.52,Normal
1.12,429.45,0,3.62,2.32,Normal
18.35,123.45,10,0.15,8.32,Attack
1.82,290.71,2,6.39,3.57,Normal
3.39,1184.28,0,1.12,3.39,Normal
3.1,630.19,1,8.58,2.43,Normal
1.55,272.27,1,5.83,2.23,Normal
2.85,583.91,2,5.42,3.7,Normal
3.84,334.44,2,8.62,3.84,Normal
1.48,1118.15,1,2.49,3.01,Normal
14.62,53.61,10,0.87,6.24,Attack
2.15,866.6,0,4.34,2.65,Normal
19.75,58.12,15,0.56,8.27,Attack
3.99,238.3,1,8.95,3.9,Normal
4.7,236.69,2,7.09,3.43,Normal
23.98,51.72,4,0.73,7.46,Attack
18.85,104.24,12,0.15,6.68,Attack
14.24,88.98,8,0.72,7.42,Attack
2.39,1146.48,2,8.1,3.76,Normal
3.34,554.45,1,8.93,2.02,Normal
1.17,776.8,1,1.78,3.59,Normal
2.4,1081.62,2,5.05,2.02,Normal
3.26,909.0,2,5.89,2.27,Normal
0.57,1118.11,0,8.35,3.07,Normal
4.1,470.42,2,4.43,4.7,Normal
21.01,90.76,14,1.46,7.45,Attack
19.78,26.53,5,1.32,7.94,Attack
11.54,140.35,15,0.29,8.14,Attack
0.89,337.47,1,6.43,3.31,Normal
4.53,445.1,0,8.8,3.39,Normal
2.6,636.11,2,7.22,3.99,Normal
4.54,856.35,2,4.2,2.39,Normal
8.35,117.42,14,0.71,6.87,Attack
1.97,925.84,2,3.08,4.42,Normal
9.7,111.14,4,1.22,7.41,Attack
20.69,97.74,9,0.79,7.81,Attack
8.78,101.79,4,1.47,6.39,Attack
1.26,1190.22,1,9.06,2.49,Normal
4.37,1036.15,0,1.96,2.7,Normal
3.63,664.34,0,5.48,2.42,Normal
1.15,720.13,2,8.97,2.79,Normal
10.56,127.49,6,0.67,7.87,Attack
0.68,372.1,2,5.92,2.53,Normal
4.58,567.78,0,4.34,4.32,Normal
3.06,1080.48,2,5.97,2.64,Normal
4.79,1050.01,0,1.17,2.33,Normal
4.61,542.77,1,2.96,3.25,Normal
24.94,114.89,14,1.33,8.96,Attack
16.78,54.46,12,0.48,6.15,Attack
8.41,146.66,12,0.59,6.71,Attack
1.77,641.35,2,4.12,3.57,Normal
3.36,724.39,0,4.33,2.13,Normal
24.59,108.17,9,0.64,7.43,Attack
3.09,1057.59,2,3.66,3.7,Normal
1.43,797.27,0,3.85,4.73,Normal
0.78,1190.24,1,1.48,4.16,Normal
3.47,462.16,1,4.67,4.38,Normal
0.61,432.17,0,2.65,4.23,Normal
16.88,30.05,10,0.58,8.54,Attack
16.66,142.07,13,0.94,8.96,Attack
11.96,71.78,15,0.3,7.12,Attack
2.14,910.36,1,4.86,4.73,Normal
4.17,436.73,2,4.62,4.0,Normal
3.74,503.79,2,8.06,3.63,Normal
1.13,1086.8,0,7.18,2.2,Normal
2.87,978.5,0,4.55,2.24,Normal
3.7,1119.21,0,4.84,4.14,Normal
19.59,58.56,15,1.23,9.0,Attack
12.92,131.15,13,0.69,6.65,Attack
18.81,68.78,9,1.44,8.62,Attack
14.11,126.77,14,0.39,7.83,Attack
21.88,127.48,10,0.77,8.22,Attack
16.57,82.03,14,0.44,7.73,Attack
2.93,369.28,0,5.85,3.03,Normal
20.87,109.07,9,0.55,8.3,Attack
19.9,117.13,12,1.42,8.03,Attack
22.44,107.52,8,0.79,6.55,Attack
18.68,59.54,11,0.8,8.24,Attack
4.18,854.43,0,8.23,2.95,Normal
2.27,1133.46,1,9.39,4.28,Normal
3.7,266.48,2,4.71,3.48,Normal
17.74,115.28,14,0.75,7.44,Attack
4.82,356.01,2,1.04,2.57,Normal
12.42,122.67,5,0.82,8.81,Attack
1.84,1058.56,1,5.73,4.19,Normal
4.44,563.43,0,1.98,2.48,Normal
0.8,481.38,2,5.61,2.2,Normal
19.52,31.3,8,1.09,6.3,Attack
13.27,55.89,11,0.59,8.11,Attack
2.72,877.11,1,1.62,2.75,Normal
22.67,103.87,12,0.23,8.79,Attack
24.44,140.63,12,1.1,6.68,Attack
16.85,87.04,7,1.2,6.09,Attack
4.34,958.49,1,7.46,2.06,Normal
1.69,814.8,0,4.85,2.05,Normal
9.18,62.66,12,0.48,7.81,Attack
2.95,438.67,0,7.21,3.15,Normal
9.33,95.55,12,0.34,6.73,Attack
4.13,933.67,2,7.86,2.03,Normal
3.92,484.77,2,7.16,4.64,Normal
1.55,1069.94,1,9.94,2.39,Normal
4.68,598.58,0,8.24,3.55,Normal
12.87,141.46,9,0.82,7.21,Attack
3.5,1120.55,0,6.77,2.63,Normal
9.85,94.97,15,0.92,6.79,Attack
17.64,41.6,13,0.56,7.09,Attack
18.86,42.21,13,0.99,7.5,Attack
13.87,106.15,7,0.83,8.27,Attack
3.38,654.2,0,3.73,3.64,Normal
13.28,138.27,9,1.49,7.78,Attack
1.8,985.89,1,4.07,2.43,Normal
23.51,115.47,4,0.62,7.71,Attack
2.89,247.37,0,8.14,3.62,Normal
4.49,641.85,1,4.11,4.54,Normal
16.6,50.4,15,0.19,6.46,Attack
4.24,354.76,2,8.43,2.08,Normal
19.06,147.25,5,0.32,8.3,Attack
4.33,693.18,0,2.34,3.32,Normal
14.79,24.58,11,0.23,6.25,Attack
20.27,25.96,7,0.84,8.43,Attack
2.82,496.09,1,3.0,2.55,Normal
2.57,755.54,0,1.47,4.8,Normal
19.95,147.98,10,0.44,7.71,Attack
22.54,120.72,11,0.26,6.61,Attack
15.59,60.36,5,1.2,6.46,Attack
2.01,237.41,2,2.7,2.32,Normal
10.55,51.42,8,0.75,6.43,Attack
2.53,491.8,2,5.61,3.28,Normal
4.19,980.16,1,6.01,4.3,Normal
2.97,387.18,1,6.2,2.41,Normal
1.0,1083.96,1,8.03,3.71,Normal
13.3,44.34,5,0.62,7.3,Attack
4.28,628.48,1,5.13,3.78,Normal
18.78,50.65,9,0.44,7.95,Attack
4.74,497.56,1,1.64,4.22,Normal
24.61,100.33,11,0.54,6.21,Attack
19.61,149.72,6,1.47,8.24,Attack
4.71,225.49,0,8.57,3.97,Normal
2.8,251.16,0,3.22,2.65,Normal
9.85,63.85,10,0.59,6.51,Attack
3.15,1092.38,2,7.77,2.99,Normal
3.26,614.1,0,1.28,2.64,Normal
15.48,117.26,13,1.27,6.19,Attack
18.51,62.34,10,1.39,6.81,Attack
24.31,28.12,14,1.21,7.39,Attack
9.28,47.28,13,0.1,7.08,Attack
2.11,873.52,1,3.95,3.7,Normal
24.31,101.28,4,0.36,7.47,Attack
1.31,1001.61,0,3.85,2.33,Normal
24.33,76.67,5,1.33,6.43,Attack
4.78,513.92,1,1.37,3.4,Normal
1.1,1011.0,2,5.96,3.22,Normal
17.61,54.78,8,1.01,7.78,Attack
0.53,820.98,2,4.93,2.75,Normal
10.12,28.45,6,0.48,8.54,Attack
20.89,81.16,12,0.29,8.7,Attack
0.92,534.52,1,6.24,3.37,Normal
21.37,54.24,9,0.27,8.51,Attack
17.07,29.51,12,0.32,6.31,Attack
20.64,31.45,14,0.64,6.9,Attack
3.69,451.21,1,1.02,3.05,Normal
2.18,1186.04,1,6.26,2.22,Normal
12.48,44.75,7,1.4,7.51,Attack
2.54,1177.77,2,1.07,2.39,Normal
23.32,21.97,12,0.86,6.17,Attack
19.27,91.78,12,1.04,7.66,Attack
14.67,147.8,5,1.22,6.15,Attack
13.22,125.45,12,1.18,6.38,Attack
10.3,72.68,12,1.14,7.54,Attack
20.51,50.7,13,0.88,7.6,Attack
21.85,58.74,8,0.63,8.94,Attack
1.01,257.04,0,9.39,3.79,Normal
10.05,140.11,6,0.42,7.95,Attack
2.33,476.37,1,4.8,3.02,Normal
19.82,147.54,10,0.86,6.82,Attack
14.12,45.85,12,0.88,8.26,Attack
15.1,37.49,10,0.45,8.65,Attack
2.83,899.65,2,3.64,2.19,Normal
1.12,810.89,0,5.96,3.29,Normal
3.1,991.99,1,2.44,4.61,Normal
16.99,106.72,4,0.55,7.36,Attack
16.03,50.32,8,1.19,6.26,Attack
19.61,129.24,13,0.28,8.66,Attack
3.27,282.58,2,8.79,2.74,Normal
23.6,52.99,14,1.01,8.45,Attack
17.11,57.17,11,0.15,8.72,Attack
10.89,96.54,14,0.56,7.64,Attack
1.88,240.74,1,1.08,2.44,Normal
3.34,947.39,0,9.53,3.79,Normal
2.21,526.67,0,9.96,2.08,Normal
23.15,87.9,9,0.2,8.13,Attack
16.17,71.23,15,1.25,8.75,Attack
1.03,732.02,0,5.77,2.25,Normal
3.8,480.9,0,6.91,4.57,Normal
13.1,143.04,4,0.41,8.25,Attack
10.24,81.28,6,0.81,8.05,Attack
16.47,36.35,11,0.47,8.06,Attack
3.47,846.41,1,9.86,4.65,Normal
24.72,29.19,6,1.08,6.6,Attack
13.94,89.0,7,0.56,6.31,Attack
19.72,127.44,10,0.96,7.58,Attack
8.75,116.71,4,0.9,6.84,Attack
17.54,118.39,7,0.52,6.08,Attack
11.54,51.99,14,0.27,6.35,Attack
4.73,594.13,2,1.8,2.01,Normal
0.85,469.57,1,3.23,3.76,Normal
3.82,1161.89,2,9.23,2.06,Normal
2.81,926.78,2,8.08,3.0,Normal
1.27,863.06,0,2.67,4.28,Normal
15.13,70.98,6,0.14,7.82,Attack
4.5,282.8,1,2.37,3.24,Normal
17.79,91.81,4,0.25,7.02,Attack
0.78,1192.34,0,4.78,2.21,Normal
24.25,23.95,6,0.25,7.41,Attack
8.29,41.71,9,0.57,6.01,Attack
10.2,132.93,6,1.19,8.4,Attack
2.18,1151.85,2,9.0,2.78,Normal
18.61,77.67,12,0.74,6.96,Attack
2.51,1091.56,1,4.08,3.3,Normal
22.14,134.74,6,1.23,7.09,Attack
4.63,857.15,0,1.78,3.69,Normal
4.86,1096.37,0,9.24,4.94,Normal
1.1,1136.84,2,9.31,4.57,Normal
1.5,817.82,2,6.52,2.07,Normal
24.56,65.72,13,1.0,6.7,Attack
13.83,148.89,14,1.04,8.38,Attack
2.23,426.2,2,4.33,2.21,Normal
15.28,110.37,9,1.23,6.22,Attack
10.26,51.96,6,0.98,8.11,Attack
14.0,57.94,9,1.07,8.4,Attack
4.0,445.23,0,4.9,3.17,Normal
2.88,982.36,2,3.14,4.25,Normal
1.31,973.64,2,9.61,3.09,Normal
3.93,502.01,1,1.38,4.11,Normal
4.07,955.49,0,6.21,4.31,Normal
15.4,128.45,11,1.28,8.69,Attack
2.57,453.06,0,8.88,4.48,Normal
9.84,85.83,13,0.5,8.42,Attack
3.74,605.01,1,4.21,4.21,Normal
10.66,134.01,4,1.27,8.06,Attack
21.1,138.49,7,1.5,8.08,Attack
23.54,112.99,9,0.73,8.35,Attack
14.37,110.92,5,0.36,7.05,Attack
1.84,262.76,2,4.54,2.41,Normal
2.26,892.45,2,5.23,3.82,Normal
12.07,44.94,6,1.13,7.01,Attack
12.2,138.7,4,0.48,6.98,Attack
9.13,24.04,9,1.24,6.11,Attack
17.61,119.07,14,0.12,6.89,Attack
2.14,1186.58,0,4.08,4.63,Normal
1.08,832.65,1,5.63,3.06,Normal
2.08,950.3,1,6.39,2.51,Normal
3.94,785.15,2,2.73,2.17,Normal
14.62,40.71,4,1.14,8.29,Attack
22.31,134.87,15,0.13,8.24,Attack
2.05,1140.12,2,3.49,4.21,Normal
8.07,74.63,6,0.55,6.73,Attack
9.12,63.8,12,0.32,6.85,Attack
10.92,42.97,14,0.86,7.0,Attack
21.54,101.34,12,0.23,7.94,Attack
14.57,111.45,13,1.48,7.66,Attack
23.52,71.73,12,1.49,8.93,Attack
13.8,64.26,15,1.02,8.67,Attack
10.61,83.86,10,1.2,6.41,Attack
3.97,457.55,2,1.34,3.19,Normal
4.36,386.22,1,8.77,4.6,Normal
3.14,637.77,2,9.37,2.43,Normal
24.47,91.74,4,0.7,6.29,Attack
18.55,93.13,9,0.61,7.12,Attack
3.81,798.63,0,6.6,2.25,Normal
13.1,127.1,15,1.2,8.57,Attack
23.88,68.96,14,0.36,8.97,Attack
4.51,205.08,1,8.8,4.71,Normal
11.32,58.65,14,0.78,6.66,Attack
1.51,732.83,2,7.18,4.12,Normal
0.67,1192.23,1,8.34,4.15,Normal
17.96,79.13,6,1.33,6.69,Attack
4.4,234.85,1,1.32,4.01,Normal
2.33,244.64,0,6.66,4.59,Normal
9.88,91.02,15,0.4,7.9,Attack
10.59,38.57,7,0.69,7.08,Attack
4.93,620.2,1,9.62,2.35,Normal
11.14,60.64,5,0.34,8.59,Attack
23.2,23.59,15,1.38,6.54,Attack
11.6,101.44,13,1.23,7.81,Attack
17.82,84.78,14,1.3,6.75,Attack
2.05,339.21,1,5.21,4.95,Normal
19.95,102.43,6,1.48,7.33,Attack
15.55,144.74,5,0.85,6.83,Attack
22.88,25.74,14,1.11,7.75,Attack
3.85,767.61,0,4.0,4.25,Normal
15.29,74.43,9,1.41,7.93,Attack
1.32,415.46,0,8.15,4.55,Normal
21.82,81.37,8,0.28,7.9,Attack
15.2,105.5,12,0.45,8.17,Attack
11.02,145.09,11,0.41,8.12,Attack
18.52,109.7,4,0.9,8.9,Attack
19.75,118.95,4,1.28,6.34,Attack
3.46,562.28,1,3.11,2.77,Normal
3.37,485.73,2,2.21,4.58,Normal
3.93,1008.67,2,6.64,2.74,Normal
1.85,202.96,1,6.34,3.91,Normal
4.24,345.69,1,3.35,2.63,Normal
8.39,132.86,14,0.87,6.89,Attack
10.38,79.88,11,0.18,7.7,Attack
1.74,1147.14,0,7.59,2.02,Normal
18.56,30.37,10,1.25,6.13,Attack
8.37,52.35,13,1.18,7.57,Attack
24.85,24.1,11,1.45,7.23,Attack
1.5,614.31,2,4.6,4.79,Normal
19.35,121.74,4,1.26,7.44,Attack
9.76,144.74,15,0.89,8.23,Attack
17.48,91.0,14,0.33,7.7,Attack
4.43,680.82,0,5.98,4.15,Normal
4.87,410.45,0,5.29,3.39,Normal
2.56,979.54,2,8.36,3.22,Normal
24.88,66.68,12,0.64,6.67,Attack
4.95,895.83,1,1.66,2.56,Normal
2.12,553.74,1,4.8,2.7,Normal
4.4,667.9,0,3.41,2.01,Normal
16.8,141.54,5,0.3,6.55,Attack
14.44,74.62,13,0.72,6.9,Attack
24.78,32.48,15,0.37,7.28,Attack
2.13,571.61,2,4.06,3.82,Normal
19.99,101.95,5,0.19,8.29,Attack
24.9,98.71,13,1.49,7.09,Attack
13.36,112.01,10,0.74,6.65,Attack
2.39,805.99,0,7.87,3.96,Normal
13.63,57.94,6,0.52,7.7,Attack
4.84,414.36,2,1.7,3.47,Normal
14.54,84.78,7,0.42,7.91,Attack
22.66,95.23,11,0.73,7.61,Attack
3.26,1055.47,1,6.43,3.89,Normal
4.05,601.39,1,1.99,2.15,Normal
13.43,78.89,11,0.35,7.63,Attack
9.51,64.44,13,1.15,6.58,Attack
1.91,541.02,2,2.11,4.11,Normal
1.76,522.56,1,1.06,4.23,Normal
14.16,135.0,4,1.34,8.39,Attack
20.73,59.88,10,0.13,6.88,Attack
17.28,48.57,15,1.23,7.82,Attack
16.91,61.19,13,0.83,6.31,Attack
1.79,1136.38,2,9.49,4.74,Normal
4.7,1113.18,0,7.49,4.97,Normal
19.45,116.58,5,1.15,8.01,Attack
3.2,1052.38,2,3.95,3.87,Normal
2.65,741.72,2,3.42,2.18,Normal
3.03,853.86,1,8.59,4.29,Normal
18.28,133.82,15,0.98,6.77,Attack
19.92,35.03,5,0.63,7.52,Attack
2.26,945.29,1,4.72,4.01,Normal
3.75,1111.34,0,9.87,2.14,Normal
12.23,92.87,13,0.79,7.12,Attack
4.64,322.9,2,6.72,2.29,Normal
3.15,805.36,1,5.41,3.97,Normal
20.17,98.85,7,0.46,6.26,Attack
3.16,1066.64,2,4.56,4.57,Normal
11.48,131.4,13,1.07,7.45,Attack
14.21,141.45,5,0.9,6.35,Attack
8.33,143.76,4,0.76,8.35,Attack
1.74,667.11,1,2.88,2.24,Normal
3.68,222.49,1,7.19,2.62,Normal
20.44,138.64,12,0.65,7.66,Attack
2.86,764.6,1,1.78,3.52,Normal
10.28,130.33,14,0.65,8.43,Attack
11.97,31.73,6,1.35,8.03,Attack
14.32,95.19,14,1.4,6.33,Attack
0.9,604.87,2,9.55,3.62,Normal
17.94,79.52,4,1.06,8.89,Attack
1.27,374.07,1,5.94,2.23,Normal
0.81,499.16,2,5.16,2.53,Normal
14.69,43.86,13,0.93,8.79,Attack
4.2,924.65,0,4.24,3.35,Normal
1.97,1049.63,2,2.9,2.04,Normal
1.25,1198.96,2,6.1,3.36,Normal
24.75,87.37,15,1.13,8.12,Attack
18.15,67.33,10,0.99,7.43,Attack
3.89,655.88,0,7.99,3.34,Normal
2.14,730.54,2,8.02,2.36,Normal
20.4,68.67,10,0.22,6.98,Attack
15.95,46.29,13,0.26,8.4,Attack
22.89,121.33,5,1.02,7.53,Attack
11.29,34.67,11,1.0,8.37,Attack
17.47,27.72,11,1.48,7.73,Attack
18.31,42.69,9,0.36,6.51,Attack
19.14,63.47,13,0.15,7.72,Attack
13.27,119.91,10,0.17,6.38,Attack
16.52,92.88,5,0.49,8.84,Attack
4.47,203.71,0,8.67,3.89,Normal
21.82,41.73,10,0.49,8.25,Attack
1.08,1196.48,1,1.32,2.25,Normal
21.06,27.56,7,0.73,6.76,Attack
0.59,261.1,2,3.21,3.56,Normal
2.04,648.58,2,9.43,4.31,Normal
1.67,981.68,0,4.08,3.45,Normal
3.12,882.14,1,9.64,3.64,Normal
19.84,98.51,14,0.33,7.15,Attack
3.95,282.69,2,7.39,3.04,Normal
3.06,879.9,2,1.79,4.57,Normal
12.5,137.48,12,1.5,6.99,Attack
3.43,858.28,0,4.61,2.82,Normal
12.45,104.98,12,0.55,6.26,Attack
4.01,503.26,1,4.52,2.56,Normal
24.91,127.94,9,0.12,8.18,Attack
13.15,117.85,5,1.39,8.6,Attack
4.57,1103.19,1,7.14,3.19,Normal
2.93,1155.07,2,2.4,2.19,Normal
14.6,98.78,9,0.42,8.81,Attack
10.43,110.07,7,0.68,7.87,Attack
2.69,317.01,1,8.55,3.13,Normal
18.47,94.04,9,0.57,8.95,Attack
3.24,738.16,0,2.83,4.74,Normal
2.69,804.95,2,1.85,2.01,Normal
20.62,91.1,8,0.87,8.13,Attack
3.13,369.9,2,3.77,3.09,Normal
22.31,139.14,4,1.2,8.68,Attack
10.03,74.89,12,1.14,6.07,Attack
1.0,1026.85,1,5.89,2.11,Normal
16.46,149.46,11,0.93,7.93,Attack
8.68,66.36,12,0.13,6.48,Attack
3.32,745.9,2,3.81,4.37,Normal
12.36,74.6,8,0.84,6.76,Attack
10.6,140.36,12,0.13,8.28,Attack
18.46,114.02,4,0.3,6.4,Attack
3.2,1055.54,2,1.11,4.53,Normal
16.78,45.54,6,1.0,8.61,Attack
3.47,792.96,2,4.15,4.75,Normal
0.53,662.98,0,2.95,3.6,Normal
4.86,765.92,1,3.42,3.54,Normal
1.28,318.32,1,7.16,3.47,Normal
12.53,68.51,8,1.21,8.21,Attack
1.42,322.72,2,3.98,2.26,Normal
12.75,124.07,13,0.97,6.35,Attack
1.3,344.13,1,4.12,4.81,Normal
3.31,527.52,2,4.64,3.7,Normal
18.39,75.48,7,1.25,8.78,Attack
3.36,558.71,1,2.55,2.45,Normal
12.84,104.74,12,0.68,6.46,Attack
15.96,65.79,15,0.44,7.81,Attack
1.99,263.8,0,4.58,2.42,Normal
2.41,630.18,1,8.41,4.89,Normal
3.3,1039.66,0,7.52,4.24,Normal
10.49,145.04,5,0.42,7.67,Attack
2.75,703.1,1,9.79,3.66,Normal
1.59,448.67,0,5.77,4.01,Normal
4.58,1115.07,2,1.37,4.13,Normal
23.58,42.45,8,0.46,8.03,Attack
22.67,54.92,5,0.7,6.23,Attack
24.36,111.46,5,0.88,6.21,Attack
12.98,141.01,6,0.41,8.61,Attack
3.24,666.03,0,7.0,4.61,Normal
1.13,351.49,2,9.27,4.53,Normal
21.32,81.25,6,0.17,6.78,Attack
16.78,135.63,7,0.8,7.31,Attack
12.93,94.55,8,0.49,8.76,Attack
4.24,439.24,2,2.4,2.76,Normal
1.31,281.16,1,5.7,2.53,Normal
1.6,888.7,0,9.27,4.87,Normal
3.07,1071.72,1,5.95,4.79,Normal
3.97,487.01,2,8.23,2.9,Normal
24.08,46.3,12,0.31,7.23,Attack
3.77,359.51,1,5.4,4.99,Normal
3.2,1188.29,1,6.73,3.22,Normal
17.1,105.98,13,0.9,7.66,Attack
20.9,28.15,11,0.98,6.67,Attack
16.57,145.92,6,1.28,6.32,Attack
22.37,62.77,15,0.97,8.72,Attack
24.83,96.95,7,0.25,8.52,Attack
2.95,1031.25,1,3.16,2.31,Normal
10.23,131.25,7,0.23,7.22,Attack
24.31,28.51,13,0.86,6.51,Attack
3.98,344.99,1,5.67,4.33,Normal
13.21,113.46,4,0.25,7.19,Attack
23.11,92.0,9,1.03,7.34,Attack
4.1,930.14,2,1.46,3.26,Normal
2.77,584.59,1,8.35,2.05,Normal
3.55,414.19,1,4.13,4.86,Normal
3.09,500.88,2,6.86,3.56,Normal
10.96,141.18,5,1.45,7.47,Attack
15.99,105.38,12,1.13,8.93,Attack
3.33,283.02,0,1.01,2.41,Normal
3.0,678.1,2,1.94,2.73,Normal
9.79,144.55,6,1.15,8.04,Attack
2.07,735.7,2,7.74,2.88,Normal
17.62,25.61,13,0.51,7.99,Attack
3.23,1186.01,1,7.16,3.39,Normal
23.48,22.54,10,0.98,8.47,Attack
9.92,87.85,13,0.82,7.12,Attack
15.48,45.86,14,1.16,7.77,Attack
21.8,33.69,7,0.78,8.34,Attack
2.38,902.49,2,1.32,4.4,Normal
2.26,698.39,1,8.37,3.83,Normal
4.62,1012.73,0,5.95,2.11,Normal
22.18,70.02,6,0.68,7.36,Attack
15.79,34.23,5,1.23,8.3,Attack
18.21,27.05,5,0.31,6.94,Attack
12.26,39.97,6,1.13,8.88,Attack
3.5,534.26,2,3.26,4.83,Normal
1.84,1119.78,2,1.68,2.41,Normal
1.77,738.54,0,8.31,2.23,Normal
1.0,622.82,1,7.77,3.47,Normal
2.03,435.84,1,6.9,4.54,Normal
24.48,142.35,6,0.6,7.6,Attack
17.72,38.48,5,1.41,6.23,Attack
2.78,295.37,1,4.57,3.15,Normal
12.36,149.74,7,1.12,8.11,Attack
1.03,600.97,1,6.61,4.51,Normal
1.37,778.01,0,6.01,2.1,Normal
1.75,883.84,1,4.86,4.64,Normal
1.79,347.39,2,4.1,4.34,Normal
24.26,112.44,12,1.04,6.54,Attack
3.38,443.47,0,4.6,2.89,Normal
21.34,39.73,15,0.69,7.28,Attack
19.28,20.15,4,0.32,6.58,Attack
0.98,701.45,2,8.41,2.94,Normal
14.96,70.32,5,0.69,6.28,Attack
0.93,345.59,1,4.01,2.14,Normal
3.86,634.64,1,8.07,3.69,Normal
23.8,91.08,11,0.66,6.49,Attack
0.86,972.75,2,2.54,3.05,Normal
4.42,918.3,1,4.08,3.12,Normal
3.97,1039.0,1,6.26,4.04,Normal
1.57,1095.71,2,5.31,3.49,Normal
2.65,535.53,2,9.31,3.89,Normal
22.73,100.1,6,0.66,8.88,Attack
3.06,613.68,0,8.83,2.66,Normal
1.54,552.68,1,9.97,2.49,Normal
4.95,592.83,0,6.33,2.2,Normal
0.87,562.29,2,8.16,3.05,Normal
3.03,856.95,0,8.22,3.8,Normal
2.22,689.21,0,3.44,2.74,Normal
16.19,27.85,9,0.94,7.34,Attack
3.31,363.55,0,5.33,2.28,Normal
16.68,138.32,10,0.67,8.95,Attack
3.52,671.71,1,1.06,4.41,Normal
4.07,826.3,0,1.01,3.77,Normal
1.89,867.95,2,8.77,3.7,Normal
2.8,839.76,1,6.61,4.78,Normal
4.41,540.62,0,1.58,3.0,Normal
1.53,546.87,1,3.46,2.33,Normal
8.27,71.22,6,1.28,6.85,Attack
20.32,92.52,11,0.98,6.9,Attack
2.29,272.07,0,3.17,4.5,Normal
1.11,262.18,0,1.02,3.65,Normal
20.53,135.19,7,0.33,8.63,Attack
20.68,115.35,5,1.25,6.29,Attack
18.22,27.66,5,0.28,8.54,Attack
4.43,1170.08,1,3.56,3.66,Normal
11.67,37.07,4,0.49,8.12,Attack
4.51,754.29,1,6.66,4.03,Normal
11.0,79.49,13,0.18,6.5,Attack
14.86,72.69,9,0.9,8.44,Attack
1.86,619.2,1,9.99,3.52,Normal
4.54,339.82,1,1.73,3.57,Normal
1.39,888.44,2,1.71,2.65,Normal
13.95,61.54,7,0.26,8.15,Attack
2.5,646.13,2,2.01,3.83,Normal
21.61,43.38,10,0.78,8.14,Attack
1.21,591.36,0,7.89,4.33,Normal
3.77,1159.68,1,2.03,2.72,Normal
1.3,1045.24,0,5.79,4.44,Normal
9.51,108.82,7,0.34,8.15,Attack
2.31,1062.72,0,2.7,2.68,Normal
8.31,39.58,8,0.57,8.88,Attack
15.54,137.42,10,0.86,6.85,Attack
24.12,73.17,13,1.17,8.97,Attack
0.52,722.37,0,8.71,3.69,Normal
24.3,89.67,7,0.65,6.86,Attack
4.34,1099.28,2,5.68,4.99,Normal
18.39,65.99,8,0.91,7.06,Attack
1.8,1104.23,0,2.19,3.98,Normal
2.35,1004.97,2,8.11,3.53,Normal
14.62,142.12,9,0.32,7.04,Attack
2.23,976.69,2,8.18,3.41,Normal
9.74,94.41,15,1.3,6.58,Attack
3.65,1175.76,1,8.02,4.68,Normal
4.2,905.73,1,7.79,2.61,Normal
18.42,23.48,14,0.86,8.72,Attack
4.9,880.11,2,6.58,4.75,Normal
15.59,40.7,14,1.12,7.84,Attack
3.43,735.11,0,5.49,3.77,Normal
3.37,365.85,0,3.33,4.31,Normal
18.17,141.16,8,0.69,7.98,Attack
2.21,217.89,2,9.01,3.0,Normal
15.77,74.55,5,0.37,8.82,Attack
15.55,91.05,11,0.54,8.15,Attack
3.05,712.64,2,7.52,4.53,Normal
23.17,33.93,13,0.81,8.26,Attack
1.77,891.51,0,8.44,3.67,Normal
4.68,464.13,1,9.53,4.31,Normal
13.15,59.53,4,1.11,6.48,Attack
3.33,379.19,0,5.59,4.37,Normal
2.8,755.89,0,5.23,2.99,Normal
24.1,128.05,14,0.17,6.59,Attack
19.39,83.4,7,0.32,8.45,Attack
1.57,782.0,2,1.73,3.22,Normal
4.8,842.66,1,2.47,3.64,Normal
8.2,44.03,12,1.36,6.15,Attack
23.26,42.92,5,1.27,6.2,Attack
14.8,119.85,10,0.17,8.23,Attack
10.95,135.12,11,0.58,8.71,Attack
16.78,20.85,11,0.35,7.53,Attack
1.06,1039.34,1,8.61,2.34,Normal
20.53,67.53,4,0.96,8.4,Attack
3.07,530.35,2,4.93,2.63,Normal
3.63,505.76,1,1.94,3.49,Normal
14.35,46.05,8,0.43,6.43,Attack
1.03,291.33,0,2.61,3.14,Normal
23.7,34.9,11,1.33,7.02,Attack
16.87,80.9,11,0.69,7.39,Attack
1.48,1069.46,2,4.42,2.24,Normal
2.6,248.62,1,7.86,4.7,Normal
4.68,281.64,0,1.28,3.77,Normal
17.69,129.83,13,0.3,7.61,Attack
2.12,884.61,1,5.32,2.84,Normal
2.98,915.73,2,9.31,2.32,Normal
0.56,982.96,0,2.2,2.47,Normal
12.8,112.3,13,1.38,8.64,Attack
10.1,66.77,4,0.37,6.17,Attack
3.88,694.74,1,5.25,2.38,Normal
9.66,92.58,10,0.93,8.53,Attack
4.45,595.0,2,9.7,4.2,Normal
4.91,907.14,0,6.07,2.04,Normal
24.34,77.39,9,0.98,7.47,Attack
3.18,768.96,0,7.88,3.02,Normal
22.2,49.03,14,0.67,7.61,Attack
23.84,85.17,15,1.39,7.64,Attack
21.52,97.69,5,0.21,7.5,Attack
12.22,110.93,6,0.14,8.77,Attack
21.04,149.02,7,0.91,6.31,Attack
4.16,809.46,1,6.48,2.15,Normal
10.36,108.57,4,0.19,8.88,Attack
14.1,125.74,4,0.83,6.7,Attack
14.21,100.01,5,0.19,6.19,Attack
20.79,62.4,14,1.3,8.6,Attack
1.13,300.32,0,7.12,3.78,Normal
3.8,210.56,1,4.96,4.6,Normal
1.86,506.58,0,2.33,3.68,Normal
13.44,34.86,11,1.1,8.33,Attack
8.76,64.63,5,0.65,7.66,Attack
24.58,123.72,13,0.82,6.72,Attack
11.03,143.52,9,1.34,7.94,Attack
18.8,139.19,13,0.94,7.61,Attack
9.16,124.83,13,0.71,7.88,Attack
21.36,46.18,8,1.49,7.24,Attack
0.53,1040.56,0,9.37,2.36,Normal
17.72,24.95,10,1.46,8.56,Attack
1.03,314.35,2,9.76,4.92,Normal
3.06,1025.96,2,9.44,4.84,Normal
23.92,100.47,15,1.04,8.02,Attack
2.75,1186.89,2,2.15,3.58,Normal
15.15,124.75,4,0.98,8.46,Attack
1.17,1067.33,1,4.23,2.83,Normal
3.33,937.18,2,5.26,4.83,Normal
4.09,813.8,0,8.78,3.6,Normal
3.98,523.46,0,6.21,4.8,Normal
21.59,119.63,9,0.68,8.33,Attack
4.78,441.81,0,1.78,2.9,Normal
0.82,476.33,2,5.73,4.67,Normal
3.75,944.98,0,9.67,4.59,Normal
4.3,1180.01,2,3.58,2.36,Normal
3.94,956.87,1,5.88,4.58,Normal
11.52,143.36,12,0.66,7.76,Attack
2.11,573.4,1,2.2,3.1,Normal
24.03,38.85,14,1.31,7.96,Attack
12.83,24.03,13,1.07,8.78,Attack
21.15,109.7,12,1.3,7.07,Attack
2.89,687.76,1,3.8,2.45,Normal
0.72,564.73,1,1.73,4.85,Normal
14.02,88.26,4,1.21,8.73,Attack
2.4,294.48,1,6.65,2.61,Normal
0.91,539.04,2,3.02,2.16,Normal
1.6,378.29,0,2.74,2.71,Normal
10.04,123.44,11,0.69,7.49,Attack
4.26,926.15,1,1.74,3.05,Normal
0.66,848.4,1,9.72,2.11,Normal
12.39,117.47,12,1.11,6.8,Attack
16.35,48.85,5,0.58,6.64,Attack
24.4,73.37,6,1.13,6.79,Attack
23.63,65.93,7,1.11,8.56,Attack
2.41,1022.84,0,3.09,2.33,Normal
20.21,56.58,10,0.81,6.13,Attack
0.53,1115.26,2,8.47,4.79,Normal
3.72,390.62,0,4.97,4.07,Normal
13.85,119.36,5,0.37,7.02,Attack
19.14,89.73,10,0.22,8.36,Attack
23.72,20.81,14,0.38,6.66,Attack
16.78,44.23,8,1.03,6.74,Attack
3.84,994.99,1,7.51,4.93,Normal
10.33,73.44,8,1.24,6.95,Attack
3.11,1004.34,1,2.47,3.04,Normal
3.58,1041.83,0,1.06,4.36,Normal
15.0,67.44,14,0.62,6.76,Attack
8.69,120.12,13,0.74,6.73,Attack
1.4,1010.51,0,3.22,3.04,Normal
12.74,76.61,13,1.4,8.76,Attack
12.8,149.51,6,0.21,7.75,Attack
1.03,1005.9,2,9.64,2.15,Normal
3.54,919.28,2,3.11,3.81,Normal
2.29,1101.65,2,2.71,2.08,Normal
0.75,639.99,2,6.22,4.08,Normal
24.56,27.65,5,0.95,8.5,Attack
1.16,451.33,1,5.82,4.97,Normal
2.12,260.41,2,2.13,2.12,Normal
24.64,114.84,4,0.17,7.6,Attack
22.64,141.15,11,1.45,7.95,Attack
10.52,33.77,7,1.47,6.55,Attack
10.58,31.86,4,1.39,8.1,Attack
19.06,102.28,7,1.16,6.33,Attack
3.33,254.13,0,8.1,2.15,Normal
2.67,340.55,0,7.44,4.96,Normal
4.88,275.37,0,4.29,2.59,Normal
4.31,982.4,0,2.24,2.9,Normal
4.34,536.75,1,9.63,2.16,Normal
4.22,561.55,0,3.04,3.85,Normal
13.12,51.83,15,0.63,6.95,Attack
3.9,361.63,0,7.58,4.73,Normal
18.7,105.05,5,0.55,8.62,Attack
15.59,100.1,6,0.94,6.01,Attack
1.44,398.92,2,5.76,3.12,Normal
24.1,68.71,13,0.82,6.91,Attack
3.48,1036.9,0,1.11,2.49,Normal
3.55,355.32,2,3.27,2.12,Normal
12.2,108.87,4,0.45,8.12,Attack
3.71,662.86,1,2.31,4.08,Normal
0.82,740.09,2,2.84,3.74,Normal
12.62,133.96,9,0.41,7.63,Attack
1.24,331.32,0,8.98,3.53,Normal
2.59,1016.83,1,9.26,3.55,Normal
1.3,1011.23,1,4.15,3.07,Normal
15.58,117.24,8,1.02,7.02,Attack
4.03,859.61,1,4.62,3.88,Normal
16.31,118.45,13,0.32,6.48,Attack
11.48,50.09,11,1.43,7.39,Attack
1.91,1058.37,1,2.42,4.27,Normal
1.33,344.71,1,8.65,2.5,Normal
2.53,572.24,2,4.02,5.0,Normal
16.99,42.31,7,1.15,7.25,Attack
0.74,1068.1,1,1.78,4.15,Normal
1.1,673.79,2,6.34,3.13,Normal
4.97,456.74,0,1.28,4.51,Normal
0.61,1047.28,0,1.11,3.38,Normal
24.53,77.29,11,1.1,6.82,Attack
3.21,531.34,0,4.73,4.5,Normal
16.07,43.35,12,1.16,7.81,Attack
2.87,201.44,2,6.55,4.66,Normal
8.84,65.2,6,1.35,7.71,Attack
1.91,218.7,1,1.1,2.68,Normal
1.1,854.97,2,9.25,4.55,Normal
4.85,712.8,2,6.7,4.88,Normal
1.31,784.82,0,9.22,2.97,Normal
4.36,1119.84,2,2.2,3.54,Normal
19.64,92.34,10,0.91,8.36,Attack
3.54,799.6,0,4.12,3.32,Normal
3.85,1175.12,0,6.48,4.38,Normal
4.6,752.28,0,1.13,4.73,Normal
4.92,296.62,1,8.94,3.62,Normal
2.78,368.13,1,6.08,3.35,Normal
3.32,885.82,0,3.36,4.25,Normal
14.54,147.16,15,0.94,6.05,Attack
1.87,663.81,1,9.87,4.33,Normal
16.79,120.89,12,0.48,6.81,Attack
10.23,89.27,15,0.7,6.36,Attack
4.62,690.76,2,6.81,4.97,Normal
24.65,94.35,14,0.43,7.95,Attack
1.67,868.08,2,4.97,3.58,Normal
13.45,88.28,8,0.33,7.28,Attack
14.06,63.2,12,0.46,6.64,Attack
3.76,886.29,1,1.12,4.06,Normal
16.88,28.64,10,1.2,6.21,Attack
2.96,792.49,0,9.8,2.94,Normal
2.01,1060.96,2,6.22,3.08,Normal
3.22,425.58,2,7.22,4.6,Normal
12.24,72.36,10,1.24,6.61,Attack
22.65,143.41,14,0.7,7.58,Attack
3.97,438.24,1,9.29,2.56,Normal
1.7,454.04,1,7.47,3.03,Normal
14.45,55.11,14,1.23,6.34,Attack
13.78,147.33,8,0.25,7.21,Attack
1.7,263.77,0,7.31,2.92,Normal
11.75,61.4,14,1.33,6.48,Attack
2.66,846.7,2,5.37,2.73,Normal
14.06,20.13,9,1.25,8.74,Attack
19.45,106.95,7,1.06,8.2,Attack
3.84,586.64,0,9.65,4.64,Normal
19.51,31.43,9,0.28,6.09,Attack
12.08,127.12,8,1.37,8.72,Attack
1.16,855.56,2,3.33,2.89,Normal
17.7,137.91,5,0.35,7.89,Attack
3.81,337.28,1,8.34,3.87,Normal
4.87,820.61,1,2.52,3.9,Normal
2.37,382.2,1,9.54,3.01,Normal
2.87,654.35,1,9.35,4.05,Normal
12.75,135.38,14,0.28,8.96,Attack
4.86,323.85,0,5.75,3.61,Normal
17.5,57.35,6,0.88,8.82,Attack
16.77,72.76,14,1.49,8.64,Attack
17.59,139.24,14,0.94,7.39,Attack
1.42,225.35,1,5.98,4.54,Normal
9.43,80.01,10,0.93,6.39,Attack
2.82,821.39,0,6.98,3.73,Normal
10.62,130.69,11,1.22,7.9,Attack
17.96,56.01,7,0.68,8.23,Attack
15.68,144.22,14,0.5,7.11,Attack
1.78,765.7,0,4.72,4.48,Normal
14.11,21.19,15,0.65,8.06,Attack
0.71,1121.74,2,1.7,4.51,Normal
13.3,92.07,14,0.93,6.44,Attack
4.35,992.62,2,4.38,4.76,Normal
3.35,1068.75,1,5.03,4.93,Normal
21.41,71.4,4,1.32,6.79,Attack
0.53,494.67,2,6.82,3.69,Normal
20.28,141.06,15,0.99,7.13,Attack
2.67,1041.17,1,8.07,3.18,Normal
2.28,533.14,2,4.48,3.42,Normal
12.25,107.15,14,0.18,8.46,Attack
4.93,277.47,2,3.92,2.52,Normal
18.9,130.81,9,0.49,7.76,Attack
0.82,597.58,2,7.38,2.27,Normal
4.73,642.32,2,3.17,4.84,Normal
17.64,116.38,10,0.74,8.49,Attack
19.67,41.46,11,1.48,8.89,Attack
14.88,53.02,12,0.63,7.5,Attack
3.94,979.44,0,6.83,4.96,Normal
21.27,130.75,5,0.39,7.08,Attack
20.06,90.21,8,1.34,8.23,Attack
19.55,58.26,10,1.37,7.69,Attack
23.47,74.37,7,0.52,7.78,Attack
0.99,938.58,0,1.39,3.86,Normal
23.82,81.71,12,0.86,6.85,Attack
15.3,117.79,8,1.27,6.25,Attack
14.11,86.24,15,0.71,7.78,Attack
20.51,36.28,9,1.41,6.72,Attack
4.9,1119.56,1,6.68,2.85,Normal
13.32,96.11,10,1.12,7.87,Attack
21.8,76.12,13,1.0,7.68,Attack
2.04,311.55,2,8.48,4.48,Normal
1.19,831.15,2,8.09,2.01,Normal
12.84,120.67,8,0.35,6.66,Attack
12.33,27.91,11,0.28,8.86,Attack
8.3,67.48,14,1.47,6.81,Attack
11.26,101.34,11,0.36,8.43,Attack
14.46,46.37,14,0.16,8.26,Attack
12.2,63.14,9,1.02,6.11,Attack
2.5,727.5,1,6.48,4.41,Normal
2.55,697.06,2,2.01,4.31,Normal
11.1,146.63,11,1.29,7.57,Attack
3.32,345.26,0,4.58,3.47,Normal
10.71,99.73,12,0.2,6.6,Attack
3.21,587.24,1,4.8,2.61,Normal
9.58,41.08,12,1.31,8.61,Attack
2.74,356.32,1,3.23,4.27,Normal
18.61,124.55,7,1.3,7.9,Attack
10.93,91.72,8,1.31,6.28,Attack
22.75,57.54,11,0.63,7.81,Attack
3.62,666.49,2,1.82,3.01,Normal
1.78,670.21,0,3.9,3.74,Normal
2.16,981.29,1,2.35,2.58,Normal
4.95,985.58,2,1.71,4.36,Normal
0.6,246.43,1,5.16,2.27,Normal
2.88,996.75,2,6.3,4.29,Normal
19.14,75.13,11,0.86,8.96,Attack
10.53,92.12,15,1.23,6.56,Attack
1.89,204.93,1,6.84,4.51,Normal
11.07,78.2,14,0.76,8.85,Attack
1.51,699.4,1,1.32,3.68,Normal
20.57,66.85,7,0.62,6.8,Attack
20.53,79.37,6,1.04,6.56,Attack
8.94,50.1,9,0.48,7.51,Attack
21.49,113.94,7,0.67,6.51,Attack
8.73,128.6,15,0.92,7.14,Attack
3.37,631.02,2,6.69,4.18,Normal
11.74,92.14,5,1.13,6.47,Attack
2.47,900.72,0,1.33,2.79,Normal
4.32,1199.0,1,9.82,4.59,Normal
0.87,263.19,0,7.83,2.44,Normal
10.53,31.71,10,0.38,6.46,Attack
15.23,125.17,11,0.71,6.5,Attack
9.75,72.66,9,0.4,8.16,Attack
2.13,980.27,2,1.03,2.35,Normal
3.55,500.83,1,3.02,3.58,Normal
8.09,94.09,12,0.56,8.93,Attack
16.0,65.43,8,1.25,8.7,Attack
3.46,519.55,0,8.22,3.43,Normal
4.76,512.43,2,2.54,4.1,Normal
17.33,119.52,5,0.49,6.19,Attack
4.21,1190.19,2,1.59,3.71,Normal
1.33,1073.45,1,8.1,4.88,Normal
3.61,258.41,1,5.09,4.0,Normal
1.48,1055.97,1,7.54,2.3,Normal
2.78,847.36,2,5.83,3.34,Normal
0.7,491.38,0,8.01,4.81,Normal
1.29,382.67,1,3.6,2.61,Normal
20.02,103.19,15,0.78,7.17,Attack
24.66,39.59,14,0.41,8.43,Attack
14.03,35.45,4,0.44,7.93,Attack
4.64,909.85,2,9.31,3.69,Normal
21.85,27.67,7,0.75,6.03,Attack
4.86,782.59,1,4.35,4.69,Normal
13.52,26.02,7,1.44,8.46,Attack
12.82,113.29,12,0.77,6.16,Attack
14.42,26.15,5,0.12,8.62,Attack
20.27,69.29,7,0.15,6.46,Attack
2.85,267.43,2,7.39,4.66,Normal
1.32,274.34,1,8.85,4.0,Normal
3.32,1041.94,0,5.29,2.99,Normal
11.44,93.24,11,0.28,8.64,Attack
2.82,565.13,2,8.25,4.63,Normal
0.67,306.12,1,1.01,4.97,Normal
4.95,353.55,1,1.05,3.27,Normal
1.44,372.38,2,9.45,3.86,Normal
16.46,29.16,5,0.97,6.64,Attack
0.53,992.78,2,8.4,4.92,Normal
13.41,41.94,10,0.25,6.15,Attack
1.19,954.08,2,8.62,3.67,Normal
2.44,259.97,1,8.82,2.08,Normal
16.6,123.34,14,0.75,7.59,Attack
1.02,961.4,1,4.29,3.71,Normal
1.64,1022.36,0,5.08,3.98,Normal
8.65,110.95,12,0.2,7.98,Attack
9.93,75.33,7,0.59,6.72,Attack
3.74,208.05,1,6.94,3.26,Normal
17.58,68.41,6,0.51,8.14,Attack
11.63,76.36,13,0.56,7.4,Attack
2.88,612.42,2,5.39,3.8,Normal
3.03,752.84,1,7.13,3.94,Normal
23.23,115.71,8,0.16,7.53,Attack
20.81,147.84,7,1.48,6.05,Attack
4.49,411.96,2,9.41,4.6,Normal
2.68,567.67,2,8.35,4.86,Normal
3.37,1159.39,0,8.08,3.32,Normal
21.36,118.58,9,0.47,7.23,Attack
24.16,83.93,4,0.97,7.41,Attack
3.69,490.65,1,2.72,3.88,Normal
4.98,501.77,1,9.22,4.33,Normal
1.69,675.02,2,8.83,3.57,Normal
4.57,592.85,0,9.13,3.19,Normal
4.14,1169.25,1,4.6,4.61,Normal
1.15,1187.16,2,9.09,4.35,Normal
8.67,102.42,5,0.52,6.92,Attack
2.6,1170.38,2,2.68,3.51,Normal
19.37,43.84,5,0.84,6.53,Attack
1.67,967.82,2,9.19,2.19,Normal
22.81,128.29,4,1.29,7.41,Attack
15.91,53.02,15,1.01,7.56,Attack
20.93,70.37,8,0.52,7.42,Attack
18.09,147.66,10,0.91,7.62,Attack
17.36,62.78,13,0.67,6.09,Attack
3.35,1052.77,1,5.01,4.94,Normal
3.23,847.4,0,4.36,4.23,Normal
20.48,96.72,7,0.86,8.59,Attack
2.95,781.6,2,6.82,4.76,Normal
2.47,976.3,0,7.04,4.56,Normal
3.55,394.92,1,1.68,2.35,Normal
22.84,76.3,10,1.25,7.17,Attack
21.09,80.76,14,1.07,7.15,Attack
13.59,91.66,15,1.21,6.29,Attack
21.3,35.32,9,0.28,8.9,Attack
23.27,148.93,12,0.51,8.83,Attack
2.88,1081.99,1,4.12,2.64,Normal
13.12,129.62,9,1.47,7.26,Attack
3.45,995.78,0,8.75,4.01,Normal
21.13,126.4,8,0.1,7.28,Attack
19.27,143.91,14,1.1,8.4,Attack
3.64,559.21,2,6.17,2.08,Normal
0.57,961.7,0,2.35,2.39,Normal
15.14,99.51,9,0.64,6.44,Attack
2.1,1099.88,1,9.82,3.55,Normal
2.83,622.95,2,6.95,3.84,Normal
1.83,543.61,1,3.47,4.5,Normal
1.1,455.72,1,5.92,3.4,Normal
3.31,597.74,1,8.27,3.22,Normal
23.28,46.08,9,0.4,8.94,Attack
17.42,62.14,7,0.7,7.48,Attack
16.38,74.15,5,1.32,7.01,Attack
13.44,120.01,13,0.72,8.39,Attack
20.57,124.32,5,0.59,7.91,Attack
2.74,376.5,0,2.82,3.14,Normal
1.88,1091.51,2,8.93,4.5,Normal
4.19,562.86,1,3.65,2.28,Normal
2.53,982.78,2,7.01,4.82,Normal
2.47,1178.13,0,6.73,4.88,Normal
21.44,132.95,8,0.57,8.11,Attack
23.87,96.54,8,0.98,7.93,Attack
3.81,484.51,0,7.97,4.4,Normal
18.24,75.18,7,1.32,8.17,Attack
4.5,992.82,2,8.42,4.99,Normal
13.48,142.66,4,0.62,7.63,Attack
1.56,320.96,1,7.44,4.42,Normal
3.98,1032.93,1,1.81,2.28,Normal
1.61,280.53,0,7.86,3.38,Normal
4.8,241.55,2,2.29,2.23,Normal
9.8,43.99,11,1.31,8.34,Attack
14.45,114.79,11,0.51,6.79,Attack
20.13,94.62,12,0.21,6.64,Attack
1.18,877.92,1,6.05,3.01,Normal
11.93,57.83,9,0.76,6.15,Attack
3.3,780.62,0,5.62,2.41,Normal
2.37,866.03,0,9.06,3.88,Normal
12.48,43.18,14,0.71,6.34,Attack
22.13,100.03,9,0.24,8.0,Attack
19.7,114.18,15,1.22,8.84,Attack
4.9,1144.71,1,8.39,4.76,Normal
11.99,138.53,11,0.46,6.62,Attack
1.77,441.35,0,8.38,3.22,Normal
0.55,1097.03,1,7.9,2.42,Normal
11.76,34.32,12,0.27,8.9,Attack
1.14,897.02,0,1.25,4.94,Normal
3.99,500.15,2,3.76,4.53,Normal
22.28,48.24,6,0.6,6.01,Attack
3.02,709.71,1,2.4,3.79,Normal
10.42,25.83,14,1.49,7.56,Attack
17.41,70.73,4,0.72,8.33,Attack
2.0,1120.41,0,2.35,3.97,Normal
15.66,142.19,5,0.8,6.17,Attack
2.92,391.27,1,2.77,2.52,Normal
3.99,623.06,0,4.61,3.56,Normal
3.24,514.43,2,9.12,4.5,Normal
1.98,693.82,2,5.65,2.64,Normal
10.8,28.86,4,0.59,7.34,Attack
1.04,1038.13,0,7.35,4.04,Normal
19.72,91.31,4,1.11,7.96,Attack
3.94,849.52,2,2.62,4.86,Normal
3.65,303.61,1,7.79,4.2,Normal
10.37,141.64,8,1.48,7.56,Attack
3.58,308.39,2,7.92,2.66,Normal
3.19,409.26,0,7.81,4.81,Normal
18.1,77.31,10,0.67,8.87,Attack
17.54,119.21,7,0.39,8.45,Attack
4.17,1004.25,2,7.89,2.68,Normal
19.14,139.64,12,0.94,7.71,Attack
1.16,575.33,1,9.9,2.12,Normal
4.47,1036.38,0,8.69,2.86,Normal
23.96,131.2,10,1.09,7.17,Attack
22.66,98.41,13,1.06,7.44,Attack
4.9,954.63,1,2.37,2.42,Normal
1.14,285.84,2,2.19,4.73,Normal
1.03,1098.43,2,8.61,4.69,Normal
0.96,822.07,0,1.88,4.95,Normal
24.9,108.0,11,0.83,8.16,Attack
2.85,819.0,0,3.7,4.91,Normal
4.61,304.47,1,4.34,4.76,Normal
4.72,442.44,0,9.32,2.37,Normal
3.98,707.06,0,7.76,3.54,Normal
22.66,138.25,9,1.33,6.97,Attack
4.23,441.71,1,5.16,4.1,Normal
1.59,1121.59,1,8.8,3.81,Normal
16.23,32.56,8,0.89,6.01,Attack
9.89,136.4,8,0.4,8.69,Attack
18.3,79.13,8,0.49,7.75,Attack
3.35,939.14,0,9.71,2.76,Normal
1.01,832.88,0,3.45,4.32,Normal
19.26,68.28,7,0.66,6.67,Attack
17.82,78.35,8,0.83,6.7,Attack
21.51,142.51,5,0.56,6.63,Attack
8.7,69.89,11,0.41,6.72,Attack
16.37,132.22,4,0.79,6.46,Attack
1.01,726.74,0,1.98,2.16,Normal
22.2,89.11,5,1.12,8.85,Attack
15.84,123.79,11,0.41,8.14,Attack
3.6,888.22,1,8.44,3.11,Normal
3.65,383.03,0,3.07,2.54,Normal
4.9,929.64,1,6.54,3.26,Normal
15.91,76.48,4,1.18,7.54,Attack
4.92,729.97,0,4.81,2.09,Normal
13.66,32.57,12,0.26,8.66,Attack
1.22,286.26,1,5.62,2.55,Normal
13.48,59.32,6,0.24,6.52,Attack
9.58,40.54,7,0.88,6.51,Attack
3.73,1149.43,0,6.32,3.7,Normal
3.59,579.25,2,6.55,2.39,Normal
11.81,21.29,13,1.06,6.47,Attack
2.18,1014.9,2,1.75,2.23,Normal
17.83,87.97,4,0.74,8.32,Attack
4.62,1110.31,1,1.97,2.72,Normal
4.35,1096.43,2,4.16,4.12,Normal
1.57,1185.09,1,1.03,3.23,Normal
0.55,783.06,2,8.5,4.5,Normal
24.47,25.71,7,0.32,7.08,Attack
9.52,32.6,11,0.24,8.3,Attack
2.87,426.01,0,1.76,4.31,Normal
14.93,88.99,9,1.39,6.52,Attack
2.09,1155.13,1,4.95,3.76,Normal
12.37,112.62,11,0.78,6.27,Attack
18.95,88.04,15,0.97,6.37,Attack
4.19,957.46,1,7.91,2.17,Normal
4.51,324.69,0,6.44,2.53,Normal
0.71,419.93,0,2.06,3.96,Normal
3.43,659.58,1,8.68,3.26,Normal
17.09,44.72,14,0.88,8.44,Attack
3.14,1097.0,2,5.7,2.4,Normal
8.05,66.33,8,0.55,8.14,Attack
4.23,728.7,0,6.05,2.58,Normal
13.56,64.04,11,0.83,7.1,Attack
2.88,524.14,1,9.42,4.21,Normal
2.3,1112.19,0,4.88,2.18,Normal
0.75,1076.35,2,3.55,3.79,Normal
0.89,471.38,0,7.02,2.08,Normal
21.87,120.88,4,1.02,6.73,Attack
17.41,101.09,4,0.66,6.5,Attack
3.88,277.58,1,2.5,3.03,Normal
13.11,122.8,4,0.26,7.89,Attack
4.21,403.05,0,1.61,4.53,Normal
2.41,1075.9,2,3.92,2.66,Normal
4.24,291.18,1,7.54,4.39,Normal
3.87,925.74,1,1.87,2.66,Normal
21.06,129.86,6,0.17,8.71,Attack
3.35,509.31,0,5.61,3.14,Normal
1.42,545.09,1,3.13,3.19,Normal
16.78,63.39,10,0.79,6.53,Attack
11.48,44.92,11,0.27,6.89,Attack
1.41,571.13,1,3.32,2.39,Normal
2.0,355.94,0,6.18,2.08,Normal
1.32,442.57,0,1.34,2.26,Normal
20.97,46.34,10,0.13,8.11,Attack
13.53,90.25,4,0.79,6.38,Attack
8.26,116.93,4,1.43,7.84,Attack
1.57,768.53,2,9.09,3.67,Normal
3.55,414.04,0,2.32,3.1,Normal
0.8,1190.81,0,8.75,3.25,Normal
14.69,118.4,13,1.35,8.36,Attack
13.95,70.19,4,1.2,7.39,Attack
21.42,126.34,4,1.37,6.59,Attack
3.51,1120.2,1,3.45,2.3,Normal
9.25,102.24,4,0.4,8.07,Attack
3.48,1037.03,0,6.4,3.04,Normal
5.0,717.18,1,2.5,2.92,Normal
8.91,112.67,12,1.43,6.94,Attack
23.69,43.28,7,0.69,7.34,Attack
15.8,120.52,10,0.4,7.91,Attack
3.04,1033.1,1,1.55,4.91,Normal
1.04,751.07,2,6.17,3.72,Normal
22.28,42.68,9,1.37,8.22,Attack
19.27,79.21,15,1.07,8.53,Attack
2.8,750.83,1,7.34,4.4,Normal
23.47,145.85,10,1.07,7.63,Attack
21.05,72.61,6,1.42,7.38,Attack
21.08,84.68,14,0.93,6.89,Attack
4.65,330.32,0,9.26,4.43,Normal
12.07,27.2,4,0.62,7.59,Attack
20.79,121.7,14,1.32,8.73,Attack
14.42,63.73,11,0.89,8.7,Attack
17.23,45.3,9,0.41,6.9,Attack
4.66,1181.76,0,9.61,3.33,Normal
21.25,28.8,15,0.42,8.16,Attack
18.69,76.72,7,0.44,8.18,Attack
1.61,1135.82,0,2.05,2.72,Normal
4.33,432.07,0,5.63,2.61,Normal
17.28,46.14,11,0.5,8.44,Attack
2.85,755.95,0,3.57,3.91,Normal
0.78,434.9,0,1.08,4.91,Normal
0.84,1183.73,2,1.17,2.54,Normal
1.74,356.65,1,6.63,4.75,Normal
2.71,991.74,1,3.66,3.96,Normal
3.2,706.95,2,5.21,4.68,Normal
21.43,99.47,6,0.79,8.81,Attack
4.54,460.3,1,8.27,4.73,Normal
20.77,29.52,5,0.8,6.62,Attack
3.21,1146.96,0,2.08,3.43,Normal
2.84,977.65,1,4.77,2.68,Normal
4.97,297.67,0,7.07,2.88,Normal
2.96,823.08,1,6.86,3.86,Normal
12.37,114.21,12,0.42,7.67,Attack
17.11,105.12,7,1.37,8.41,Attack
21.82,32.9,12,1.17,8.15,Attack
8.14,115.28,9,0.81,8.61,Attack
1.81,782.01,2,6.93,3.08,Normal
2.03,333.71,2,4.19,2.59,Normal
0.92,872.0,1,4.46,4.86,Normal
12.44,58.81,5,1.47,7.59,Attack
13.4,46.22,15,0.93,7.91,Attack
4.45,847.41,1,1.07,3.39,Normal
1.68,264.82,1,5.58,2.64,Normal
0.61,1150.45,1,1.08,2.09,Normal
0.5,449.82,1,2.01,4.64,Normal
3.22,385.05,1,6.63,3.15,Normal
12.32,149.89,6,1.47,7.71,Attack
0.9,947.84,0,7.76,4.74,Normal
15.98,69.81,9,1.06,7.91,Attack
2.31,1108.37,0,6.75,3.92,Normal
9.46,105.49,6,1.1,6.92,Attack
0.97,608.39,1,5.55,2.26,Normal
21.99,80.54,14,0.18,8.24,Attack
14.2,124.56,14,0.74,7.83,Attack
1.55,593.65,1,1.98,3.58,Normal
20.27,55.51,10,1.01,8.94,Attack
4.53,757.62,2,8.3,3.38,Normal
8.11,68.72,12,0.2,7.02,Attack
20.73,133.4,13,1.27,7.48,Attack
11.16,40.06,9,1.48,7.4,Attack
24.63,28.48,13,0.34,8.04,Attack
3.59,1141.41,0,8.7,3.11,Normal
2.49,554.01,0,7.73,2.43,Normal
15.69,110.72,13,1.33,8.32,Attack
3.53,1044.23,2,8.13,3.29,Normal
4.48,245.24,2,9.95,4.69,Normal
19.63,99.79,15,0.46,8.26,Attack
1.81,641.4,2,2.56,4.35,Normal
8.98,90.11,6,0.72,6.67,Attack
4.53,1081.43,2,7.28,3.91,Normal
14.44,127.53,8,0.25,8.74,Attack
19.92,69.67,14,1.44,7.4,Attack
4.64,579.0,0,3.62,3.69,Normal
2.28,1156.17,1,4.34,2.82,Normal
15.68,102.48,7,0.48,7.15,Attack
2.14,1036.9,2,2.45,2.99,Normal
24.6,59.32,15,1.09,6.85,Attack
3.05,625.47,2,5.77,3.42,Normal
12.49,73.22,4,1.29,7.09,Attack
18.27,59.3,15,0.15,8.57,Attack
2.97,565.0,0,6.45,2.78,Normal
4.78,290.46,0,1.4,2.76,Normal
17.84,144.25,14,0.49,7.15,Attack
21.0,79.31,14,1.36,8.64,Attack
4.23,203.0,1,5.73,4.77,Normal
3.56,317.63,2,2.4,3.79,Normal
17.49,37.38,5,1.4,7.1,Attack
3.34,263.68,2,6.29,3.88,Normal
1.33,427.4,2,9.77,3.97,Normal
0.97,464.36,0,2.81,3.68,Normal
3.38,495.77,0,3.44,3.35,Normal
22.98,143.74,7,1.31,7.79,Attack
3.06,1100.0,1,7.83,4.88,Normal
2.71,897.23,2,3.04,3.59,Normal
1.5,262.06,2,7.86,3.08,Normal
23.95,147.1,7,0.23,7.92,Attack
1.43,950.58,1,9.63,4.66,Normal
11.37,115.85,10,0.64,8.69,Attack
4.52,348.65,2,1.08,2.21,Normal
3.4,236.7,0,2.68,3.4,Normal
9.35,22.99,11,0.66,8.83,Attack
4.66,477.0,0,6.12,3.12,Normal
3.82,870.63,0,2.0,3.9,Normal
4.01,386.25,1,8.36,4.1,Normal
8.51,71.12,9,1.36,8.71,Attack
1.32,368.17,2,8.62,3.79,Normal
19.63,23.03,13,0.24,6.74,Attack
4.37,258.12,1,8.56,4.84,Normal
21.64,26.85,14,0.76,6.79,Attack
4.81,689.64,1,3.63,2.99,Normal
14.93,55.91,6,1.35,8.98,Attack
17.94,139.68,5,1.35,8.02,Attack
0.56,785.49,1,1.61,4.26,Normal
2.13,229.16,0,6.77,2.53,Normal
4.82,887.21,0,4.86,2.42,Normal
12.42,72.86,4,0.11,6.89,Attack
3.98,1067.56,2,2.19,2.26,Normal
9.48,103.38,9,0.73,6.43,Attack
1.96,294.42,0,6.54,4.42,Normal
3.05,427.4,1,5.39,2.46,Normal
3.37,345.78,0,9.88,3.68,Normal
24.85,74.63,12,0.77,8.62,Attack
15.98,142.53,6,1.48,7.84,Attack
11.55,24.06,15,0.53,8.43,Attack
9.17,32.84,9,1.49,6.16,Attack
20.74,109.24,8,0.69,8.47,Attack
4.48,900.81,2,8.55,3.77,Normal
11.69,122.68,9,1.4,6.3,Attack
2.38,330.18,0,4.72,3.17,Normal
4.63,718.47,0,8.17,2.15,Normal
10.92,112.85,11,0.55,8.62,Attack
2.54,818.37,0,5.06,3.37,Normal
10.18,40.53,9,0.85,6.33,Attack
19.81,101.37,9,0.39,6.23,Attack
1.39,446.91,2,8.82,3.78,Normal
19.34,83.62,12,0.71,8.74,Attack
12.25,28.84,15,0.64,7.83,Attack
9.02,98.44,11,0.96,8.18,Attack
22.08,137.99,15,0.33,6.37,Attack
19.33,95.42,13,0.58,8.66,Attack
4.2,242.11,1,8.03,2.32,Normal
11.75,84.74,14,0.26,7.62,Attack
3.9,806.77,1,8.33,4.79,Normal
4.99,1169.17,1,9.62,4.03,Normal
2.47,869.9,2,7.8,4.15,Normal
1.27,1178.57,0,4.26,3.24,Normal
4.44,368.11,0,5.6,3.15,Normal
18.55,22.07,12,0.14,8.0,Attack
22.67,43.93,9,1.42,7.31,Attack
1.54,465.77,2,8.38,3.19,Normal
1.28,834.59,1,9.14,4.97,Normal
2.54,811.5,1,5.17,3.86,Normal
1.61,953.48,1,7.91,3.03,Normal
3.18,743.11,1,7.9,2.16,Normal
19.16,127.55,13,1.25,6.31,Attack
2.32,831.24,0,8.19,2.96,Normal
3.34,868.26,2,8.29,2.59,Normal
16.64,55.56,13,1.31,6.93,Attack
0.76,557.31,0,5.84,3.53,Normal
1.1,1185.02,2,8.43,4.32,Normal
12.63,60.94,7,1.42,8.62,Attack
8.7,47.89,11,0.52,7.18,Attack
3.43,946.27,0,5.5,4.79,Normal
16.57,53.87,9,0.89,6.43,Attack
1.24,377.56,1,1.47,3.38,Normal
18.66,39.71,8,1.12,8.18,Attack
19.48,52.77,4,0.35,6.56,Attack
3.46,591.15,1,1.11,3.8,Normal
3.13,857.41,1,3.34,3.12,Normal
12.65,132.71,11,0.51,6.86,Attack
1.04,202.23,2,9.65,4.8,Normal
0.96,833.97,2,7.3,3.94,Normal
1.47,787.0,1,4.04,3.64,Normal
2.71,956.98,0,7.73,3.91,Normal
19.44,52.13,8,1.2,6.37,Attack
22.27,106.92,4,0.37,8.82,Attack
18.35,86.76,5,1.29,7.11,Attack
2.4,708.42,1,9.62,4.63,Normal
12.77,116.76,5,1.38,6.2,Attack
4.82,907.82,0,3.51,4.42,Normal
16.29,77.41,9,0.47,7.26,Attack
3.46,1176.81,0,8.98,4.85,Normal
22.19,95.95,7,1.01,6.17,Attack
18.13,47.92,13,0.65,8.11,Attack
11.02,34.73,11,0.91,8.76,Attack
4.72,250.26,1,5.56,3.01,Normal
23.09,30.43,5,0.7,8.02,Attack
4.81,656.66,0,3.93,4.38,Normal
14.19,119.84,9,0.66,8.06,Attack
3.71,222.44,1,9.59,4.21,Normal
20.88,107.21,14,0.56,7.17,Attack
1.63,729.96,2,5.21,3.56,Normal
1.2,1091.07,1,8.89,3.03,Normal
2.45,320.3,1,6.29,4.65,Normal
4.55,863.59,2,1.91,2.6,Normal
12.87,26.73,7,0.35,7.45,Attack
4.83,968.18,0,9.66,2.01,Normal
4.11,200.04,2,6.31,4.34,Normal
20.32,98.04,15,1.14,7.1,Attack
10.09,105.28,15,0.8,6.49,Attack
24.53,93.91,10,0.3,6.28,Attack
14.33,75.08,4,1.48,8.88,Attack
0.81,722.77,0,1.88,3.45,Normal
2.17,1133.89,2,4.38,3.26,Normal
24.76,43.28,4,1.21,8.85,Attack
17.38,23.19,8,0.26,7.05,Attack
3.22,1110.68,2,7.7,3.06,Normal
4.57,965.13,0,6.82,4.66,Normal
4.34,890.49,1,2.91,4.62,Normal
4.87,804.67,1,2.79,2.6,Normal
4.57,781.44,0,5.93,3.28,Normal
2.09,854.53,2,4.0,4.81,Normal
3.47,895.8,1,6.57,2.98,Normal
9.6,22.44,4,0.11,8.73,Attack
17.2,119.58,8,0.65,8.29,Attack
17.22,64.91,7,1.26,8.12,Attack
23.3,142.61,11,0.91,7.58,Attack
2.39,1005.44,0,4.69,2.25,Normal
16.8,66.92,4,0.97,6.81,Attack
20.22,101.29,4,0.32,7.88,Attack
1.84,361.3,2,9.24,2.46,Normal
19.48,116.16,12,1.12,7.14,Attack
21.93,75.62,5,1.38,7.2,Attack
20.92,21.99,6,1.32,8.51,Attack
19.54,38.24,15,0.74,8.34,Attack
15.36,65.08,8,1.49,8.24,Attack
22.83,122.26,8,1.29,7.17,Attack
20.16,52.12,5,1.24,8.65,Attack
23.29,80.58,7,0.76,7.99,Attack
23.88,97.72,4,0.83,7.97,Attack
13.04,67.13,12,0.2,6.45,Attack
2.65,626.9,0,1.75,2.72,Normal
3.82,338.08,0,3.77,4.81,Normal
23.24,130.01,10,1.28,6.45,Attack
15.5,58.99,6,0.28,8.41,Attack
10.93,148.4,5,0.97,6.7,Attack
4.07,622.9,2,5.29,2.1,Normal
13.68,124.09,10,0.52,8.43,Attack
4.66,1175.8,0,8.46,3.91,Normal
2.84,1129.09,1,2.31,4.21,Normal
4.05,759.37,0,1.02,3.51,Normal
2.91,796.56,0,3.63,3.43,Normal
2.17,868.0,0,1.94,4.43,Normal
21.74,57.1,12,1.03,8.38,Attack
14.95,132.56,14,1.04,8.73,Attack
0.82,1069.52,2,4.23,4.43,Normal
10.21,126.3,10,0.71,7.98,Attack
18.73,130.28,12,1.31,6.04,Attack
4.86,370.35,1,7.75,4.78,Normal
13.75,70.12,13,0.57,6.29,Attack
3.62,1087.2,1,7.52,4.25,Normal
4.28,617.97,1,2.89,3.71,Normal
17.44,128.92,5,0.81,7.64,Attack
13.61,91.52,4,0.83,6.77,Attack
4.95,339.41,0,6.23,2.78,Normal
16.61,149.86,6,0.31,6.74,Attack
15.04,84.92,6,0.49,6.91,Attack
1.6,1188.53,1,5.26,4.36,Normal
13.77,94.28,14,1.37,7.14,Attack
18.48,130.07,13,0.82,7.28,Attack
14.44,63.37,11,1.05,7.47,Attack
8.19,39.66,4,0.26,8.31,Attack
2.65,299.87,0,1.08,3.47,Normal
24.5,93.38,13,1.16,8.13,Attack
21.65,140.38,12,1.5,8.7,Attack
18.4,75.91,11,0.29,6.55,Attack
21.83,40.86,7,0.62,8.32,Attack
12.67,108.78,13,1.43,6.06,Attack
19.45,100.05,6,0.18,8.13,Attack
0.64,1034.26,0,4.76,2.22,Normal
3.51,1090.36,2,7.16,2.14,Normal
11.38,34.27,6,0.77,7.91,Attack
3.3,936.23,0,5.2,2.54,Normal
14.73,88.34,12,0.42,8.73,Attack
1.63,1141.11,0,2.85,2.29,Normal
3.24,543.24,0,5.49,3.98,Normal
24.73,75.04,9,0.35,7.08,Attack
1.97,1040.97,2,2.24,2.51,Normal
8.7,92.06,15,1.31,8.16,Attack
2.81,264.39,2,6.1,3.76,Normal
3.58,368.54,2,7.73,4.34,Normal
21.05,124.91,15,0.69,6.49,Attack
15.66,113.89,10,1.31,6.36,Attack
19.95,92.49,8,0.71,6.57,Attack
21.13,137.36,13,1.34,6.5,Attack
22.96,99.34,4,0.86,7.22,Attack
2.8,509.46,1,5.35,2.51,Normal
21.02,32.08,8,0.27,8.37,Attack
1.61,512.44,1,8.0,2.74,Normal
3.01,355.28,1,8.36,4.31,Normal
1.13,490.37,2,7.47,3.26,Normal
8.64,120.83,6,0.89,7.58,Attack
13.83,116.77,15,0.19,7.58,Attack
3.41,424.1,2,7.55,4.18,Normal
4.81,205.63,1,5.89,2.97,Normal
3.99,1091.47,1,3.36,3.9,Normal
10.32,24.47,6,1.03,8.67,Attack
2.58,887.65,0,3.01,3.02,Normal
2.14,527.52,1,7.04,3.6,Normal
11.84,22.66,13,0.21,8.16,Attack
2.88,764.89,0,8.04,4.47,Normal
2.41,1187.45,2,6.44,3.24,Normal
9.64,36.91,10,0.48,6.11,Attack
13.35,80.68,14,0.84,6.96,Attack
16.27,39.29,5,0.23,7.07,Attack
2.76,1194.25,0,1.08,4.65,Normal
24.79,67.28,13,1.21,7.15,Attack
0.8,474.68,2,5.04,4.69,Normal
8.91,133.57,5,0.4,7.21,Attack
3.88,1170.96,2,1.72,4.81,Normal
8.01,148.41,10,1.4,8.39,Attack
4.51,1054.14,1,4.19,4.51,Normal
16.17,105.89,6,0.4,6.98,Attack
1.08,1157.63,2,7.94,2.28,Normal
4.44,942.48,1,3.79,2.91,Normal
13.15,85.03,15,1.49,6.14,Attack
0.65,284.17,2,1.9,4.37,Normal
4.05,721.79,0,1.24,4.48,Normal
1.1,1188.27,2,1.36,3.71,Normal
3.42,1070.44,2,7.07,3.91,Normal
12.74,21.74,12,0.81,7.01,Attack
22.29,43.89,9,0.68,6.66,Attack
3.98,584.57,2,6.85,2.49,Normal
2.05,230.52,2,1.99,3.94,Normal
3.72,662.75,1,1.15,2.95,Normal
16.06,114.23,12,1.1,7.48,Attack
8.57,80.88,13,1.31,6.37,Attack
2.77,1166.07,0,1.86,3.26,Normal
23.02,126.49,10,0.89,8.79,Attack
20.51,69.48,14,0.63,7.53,Attack
1.5,304.21,1,2.72,3.7,Normal
18.78,54.89,10,1.42,7.94,Attack
19.99,43.98,5,0.75,8.81,Attack
2.2,945.57,1,6.97,3.22,Normal
8.87,65.7,15,0.32,7.76,Attack
15.72,110.17,9,0.92,7.46,Attack
3.87,584.02,2,2.61,2.07,Normal
16.86,145.63,7,0.3,6.24,Attack
8.12,120.75,12,1.3,6.93,Attack
16.43,73.48,8,0.76,7.19,Attack
2.88,1017.27,0,1.12,2.84,Normal
14.13,92.54,9,1.01,8.28,Attack
24.94,53.95,8,1.12,7.7,Attack
3.08,679.61,2,3.14,2.06,Normal
2.89,568.48,2,7.58,4.52,Normal
2.5,794.82,1,3.39,4.04,Normal
2.08,813.64,0,8.72,3.69,Normal
3.19,862.6,2,2.02,4.96,Normal
9.58,71.26,15,0.62,8.8,Attack
24.95,56.82,12,0.18,7.97,Attack
16.4,74.6,12,0.23,6.6,Attack
2.93,619.51,0,1.32,2.26,Normal
1.32,576.23,2,3.31,3.2,Normal
1.69,237.82,0,7.68,3.66,Normal
2.58,547.29,2,1.9,2.59,Normal
1.33,1135.3,0,8.54,2.87,Normal
13.54,110.28,6,1.36,7.26,Attack
4.4,876.78,0,6.02,3.22,Normal
4.29,1156.55,0,5.65,4.63,Normal
4.98,506.2,1,8.69,2.05,Normal
21.01,80.95,15,0.28,7.76,Attack
10.86,40.83,13,0.19,8.02,Attack
2.85,304.61,2,6.53,3.04,Normal
15.99,140.24,12,0.68,8.96,Attack
2.94,663.11,0,9.89,2.57,Normal
2.85,277.47,2,7.68,2.38,Normal
13.43,25.77,15,0.54,6.7,Attack
8.86,30.42,12,0.11,6.24,Attack
19.34,26.17,11,0.81,8.8,Attack
3.99,907.79,2,4.17,4.47,Normal
11.35,35.45,9,0.72,7.02,Attack
4.0,758.0,1,1.72,2.67,Normal
2.78,327.1,0,9.43,2.94,Normal
10.03,54.03,4,1.02,8.35,Attack
13.16,124.6,9,0.4,6.78,Attack
22.56,126.51,7,0.84,8.25,Attack
17.13,39.23,12,0.29,8.7,Attack
11.57,24.81,12,1.05,6.43,Attack
13.53,130.15,12,0.87,7.62,Attack
12.16,65.38,10,0.78,8.13,Attack
4.17,731.78,1,9.53,4.29,Normal
23.33,130.72,5,0.68,7.34,Attack
21.08,36.63,10,0.55,9.0,Attack
0.81,1067.61,2,1.06,3.83,Normal
21.04,45.55,10,0.45,8.48,Attack
15.43,104.46,6,0.26,8.01,Attack
4.47,1084.75,1,7.99,4.52,Normal
15.65,136.68,13,0.36,6.82,Attack
2.12,994.39,2,7.05,3.73,Normal
1.74,683.02,2,5.01,3.57,Normal
0.52,1081.68,1,9.8,2.48,Normal
2.49,1027.53,0,1.71,2.44,Normal
4.66,586.56,0,1.32,3.05,Normal
23.04,84.49,12,0.91,6.78,Attack
24.74,41.27,10,0.17,7.68,Attack
11.1,135.62,11,0.63,6.96,Attack
8.46,77.05,7,0.56,7.95,Attack
13.8,56.57,4,1.06,7.75,Attack
24.58,96.43,6,1.47,6.21,Attack
1.56,1021.27,2,8.74,3.4,Normal
3.59,792.86,2,9.46,2.05,Normal
9.82,29.65,6,1.35,8.76,Attack
0.5,267.88,1,4.02,4.43,Normal
2.4,820.35,0,7.18,4.74,Normal
17.86,84.55,10,0.68,6.59,Attack
3.93,335.32,1,2.48,3.93,Normal
2.79,370.52,2,9.73,3.26,Normal
4.98,439.2,1,2.93,2.98,Normal
15.45,29.36,10,1.44,6.9,Attack
17.74,89.22,8,1.01,6.12,Attack
17.59,107.55,9,0.15,6.2,Attack
20.51,68.07,9,0.2,7.05,Attack
1.53,1035.5,1,1.7,4.23,Normal
1.58,627.95,1,9.16,2.91,Normal
2.21,1089.03,1,9.14,4.79,Normal
8.45,104.65,7,0.59,6.84,Attack
17.96,55.43,11,0.59,8.78,Attack
16.91,94.79,8,1.05,6.52,Attack
4.16,1178.77,0,9.54,3.53,Normal
1.69,282.1,1,2.27,2.69,Normal
18.39,104.22,10,1.36,6.87,Attack
14.37,55.46,4,0.65,8.71,Attack
0.88,1073.19,2,2.67,2.55,Normal
18.23,126.91,13,1.44,6.38,Attack
2.82,595.2,2,4.92,3.64,Normal
2.55,422.44,1,6.14,3.12,Normal
14.48,110.5,10,0.64,8.26,Attack
22.88,54.38,5,0.26,7.13,Attack
20.67,136.03,7,1.14,6.84,Attack
3.18,1160.37,0,7.46,3.36,Normal
0.55,658.04,0,2.37,2.31,Normal
4.16,314.93,0,6.73,3.25,Normal
3.67,827.82,2,6.93,4.45,Normal
0.65,1017.03,2,9.52,3.23,Normal
1.94,947.83,1,6.16,2.21,Normal
3.67,621.14,0,4.62,2.29,Normal
1.5,352.03,2,5.32,2.22,Normal
3.62,265.58,1,4.43,3.33,Normal
3.49,580.1,2,9.9,2.82,Normal
2.21,1068.96,0,3.66,4.06,Normal
1.92,1135.5,1,6.97,2.25,Normal
11.08,39.65,8,0.74,6.05,Attack
4.12,860.41,1,6.53,3.38,Normal
3.19,681.99,1,2.41,3.61,Normal
2.11,674.78,0,5.48,3.93,Normal
21.11,120.27,11,0.21,7.77,Attack
22.5,109.96,11,0.14,6.29,Attack
2.67,265.28,2,8.31,3.65,Normal
4.26,838.57,0,3.61,4.89,Normal
23.63,50.5,4,0.59,7.29,Attack
4.92,727.48,0,9.62,2.87,Normal
13.81,51.8,9,0.58,8.94,Attack
14.94,71.51,6,1.11,8.88,Attack
4.64,503.8,1,4.35,4.96,Normal
2.24,379.42,0,2.45,2.45,Normal
0.78,1032.83,1,8.25,3.53,Normal
21.75,110.49,15,1.4,8.97,Attack
17.05,68.28,7,0.89,6.61,Attack
3.47,792.17,1,7.47,3.24,Normal
24.05,91.47,12,1.42,6.83,Attack
4.68,867.31,2,8.29,2.92,Normal
1.4,682.52,1,2.43,3.59,Normal
1.72,667.72,2,1.75,2.71,Normal
22.24,144.72,4,1.29,6.55,Attack
3.82,352.2,0,7.75,3.27,Normal
2.64,214.9,0,1.44,4.04,Normal
4.33,467.26,1,6.66,4.96,Normal
1.44,336.04,0,2.65,4.9,Normal
3.63,896.5,2,1.31,2.44,Normal
24.78,131.76,4,0.23,7.65,Attack
2.63,551.77,0,3.54,2.29,Normal
14.21,34.3,4,0.12,8.31,Attack
2.31,855.22,2,9.0,2.51,Normal
2.26,954.7,0,2.65,4.27,Normal
3.49,849.56,1,4.8,2.42,Normal
4.66,664.88,2,5.15,3.65,Normal
2.47,218.54,2,6.51,3.05,Normal
3.26,1147.72,0,8.98,4.18,Normal
8.42,103.53,11,0.34,8.48,Attack
17.19,33.54,15,0.92,6.93,Attack
1.23,877.04,0,6.22,3.67,Normal
16.23,29.57,7,1.08,8.66,Attack
13.66,71.0,10,1.35,8.56,Attack
17.74,82.53,9,1.11,8.12,Attack
3.19,697.93,2,1.25,4.6,Normal
1.52,562.74,1,4.81,4.58,Normal
3.54,932.46,0,2.16,4.21,Normal
14.01,134.7,5,0.74,8.66,Attack
13.11,22.6,11,0.38,6.79,Attack
3.89,862.28,2,6.46,2.16,Normal
8.43,73.21,13,1.08,8.57,Attack
1.07,751.1,0,8.78,2.11,Normal
10.49,127.61,14,1.32,8.04,Attack
2.69,818.03,0,7.19,2.77,Normal
17.78,100.14,4,0.9,7.91,Attack
9.28,35.87,15,1.22,7.87,Attack
22.13,47.33,7,0.25,6.61,Attack
3.98,324.77,0,6.81,2.12,Normal
10.52,23.57,13,0.22,6.43,Attack
15.14,129.01,5,0.11,6.41,Attack
9.87,81.71,13,0.94,8.95,Attack
15.28,84.73,13,1.48,6.58,Attack
13.32,89.86,5,0.26,8.57,Attack
12.56,140.49,11,0.13,7.03,Attack
3.16,997.34,0,1.02,4.82,Normal
23.15,108.37,9,0.52,8.59,Attack
15.89,88.1,15,1.36,7.5,Attack
1.72,313.24,0,7.15,3.61,Normal
13.9,66.28,8,1.03,7.95,Attack
24.42,114.83,15,0.44,6.5,Attack
8.07,129.44,4,1.43,6.88,Attack
3.49,938.47,2,5.88,2.3,Normal
11.3,47.51,12,0.58,7.27,Attack
0.9,780.36,1,9.93,3.29,Normal
4.78,469.21,0,5.38,3.26,Normal
22.05,85.17,9,0.19,7.84,Attack
0.5,744.45,2,6.46,4.24,Normal
16.19,142.57,12,0.64,6.33,Attack
0.91,952.36,1,5.39,3.87,Normal
17.26,83.64,15,0.65,7.11,Attack
13.95,104.7,6,1.34,6.71,Attack
2.81,751.83,0,2.97,3.61,Normal
1.85,1008.33,2,9.52,3.1,Normal
21.8,146.36,13,0.63,6.53,Attack
14.41,31.84,10,1.02,7.9,Attack
2.93,484.89,0,8.41,3.26,Normal
19.07,67.59,13,0.29,8.8,Attack
16.49,143.93,10,0.22,6.09,Attack
4.98,1130.35,0,5.27,4.78,Normal
12.06,39.38,12,1.46,6.56,Attack
1.58,328.5,1,5.25,2.11,Normal
12.89,42.14,6,1.33,8.54,Attack
18.76,67.33,6,1.49,6.71,Attack
4.07,1197.22,2,7.05,3.81,Normal
20.31,20.44,7,1.38,8.7,Attack
10.49,28.95,15,0.16,7.84,Attack
21.69,86.91,6,0.86,6.32,Attack
1.31,1142.22,1,9.6,4.97,Normal
0.55,1016.23,1,6.49,4.56,Normal
15.91,113.25,8,0.9,6.25,Attack
2.49,1195.76,1,1.7,3.86,Normal
21.04,101.99,15,0.53,8.62,Attack
16.2,84.15,15,0.17,6.33,Attack
19.99,50.65,14,0.36,6.36,Attack
12.21,52.57,4,0.8,6.92,Attack
2.93,401.86,0,1.16,3.66,Normal
2.09,681.72,0,9.73,2.73,Normal
3.94,256.47,0,3.89,4.81,Normal
13.71,83.83,14,1.11,6.74,Attack
4.38,246.39,0,1.43,4.09,Normal
4.74,776.15,0,8.59,3.19,Normal
16.4,146.1,10,0.32,8.85,Attack
2.96,457.68,0,2.36,4.35,Normal
1.44,1111.99,2,1.86,3.49,Normal
4.83,382.71,0,3.11,4.35,Normal
3.0,348.06,1,9.37,4.27,Normal
1.04,280.69,2,8.24,3.69,Normal
1.95,1158.25,2,4.24,4.69,Normal
10.95,118.55,5,0.37,8.26,Attack
20.8,57.34,15,1.07,7.73,Attack
3.15,266.61,0,8.07,3.26,Normal
24.66,39.19,11,0.8,7.27,Attack
4.37,216.9,1,3.1,2.08,Normal
12.86,144.94,15,1.0,8.16,Attack
2.42,223.85,2,4.15,2.94,Normal
2.97,215.4,1,1.94,2.71,Normal
2.48,349.12,0,7.03,4.76,Normal
4.3,404.99,0,2.57,4.69,Normal
4.77,302.79,1,2.14,4.17,Normal
24.22,39.77,15,0.74,8.18,Attack
19.6,29.03,6,0.54,7.63,Attack
10.18,139.14,5,0.45,9.0,Attack
18.69,115.1,10,0.55,8.32,Attack
11.81,102.48,4,0.45,7.52,Attack
8.72,92.05,5,0.16,7.2,Attack
19.39,46.99,9,0.75,7.71,Attack
11.32,87.83,5,0.22,8.68,Attack
13.22,106.15,13,0.98,6.83,Attack
20.71,28.87,7,1.19,6.82,Attack
11.41,37.86,11,0.1,8.68,Attack
10.2,96.04,8,1.43,7.68,Attack
4.24,239.3,1,2.88,3.34,Normal
3.42,347.17,0,5.35,3.41,Normal
2.97,1134.65,2,5.82,2.07,Normal
3.59,1098.0,1,8.01,4.11,Normal
14.43,123.49,11,0.33,8.53,Attack
4.57,986.45,2,1.68,4.29,Normal
3.43,1030.49,0,5.37,2.34,Normal
11.85,92.5,6,1.01,8.32,Attack
11.88,39.12,5,0.28,6.31,Attack
2.29,233.63,0,7.51,2.04,Normal
24.87,63.02,5,1.47,7.13,Attack
1.77,205.79,0,7.56,2.59,Normal
18.21,122.12,7,0.72,7.79,Attack
13.96,115.47,11,0.14,8.98,Attack
1.8,1148.99,0,7.19,4.76,Normal
20.47,50.52,12,1.23,7.66,Attack
17.85,103.21,7,0.64,7.33,Attack
19.3,129.39,5,1.45,6.16,Attack
2.95,967.52,0,5.7,2.94,Normal
4.87,515.04,2,5.65,4.22,Normal
16.65,98.31,11,0.89,7.4,Attack
10.5,58.81,13,1.04,8.44,Attack
4.62,280.12,0,8.32,3.68,Normal
10.44,45.71,6,1.28,7.22,Attack
23.47,27.62,5,1.26,7.31,Attack
15.85,34.13,6,0.37,7.58,Attack
23.97,144.78,8,1.47,8.07,Attack
0.93,923.91,1,1.48,4.11,Normal
2.59,395.03,1,7.19,2.24,Normal
24.5,34.26,9,1.36,8.01,Attack
0.85,895.84,0,7.47,3.01,Normal
20.73,137.55,11,1.06,8.95,Attack
1.41,438.49,2,2.14,3.85,Normal
2.61,243.25,0,6.71,2.54,Normal
13.7,26.1,5,0.82,8.21,Attack
4.25,629.16,1,2.35,4.67,Normal
10.15,85.21,15,0.52,6.93,Attack
21.26,128.5,12,0.13,7.09,Attack
22.04,77.63,14,1.17,7.88,Attack
4.91,440.54,2,3.12,3.95,Normal
3.62,294.91,0,2.71,3.11,Normal
20.73,44.66,6,0.77,8.28,Attack
2.78,555.57,0,2.44,3.69,Normal
2.2,259.78,2,2.25,4.11,Normal
24.66,32.09,9,0.73,6.42,Attack
2.86,287.07,0,6.84,4.0,Normal
21.82,123.72,10,1.2,6.1,Attack
13.32,77.37,15,0.38,7.53,Attack
18.69,91.27,5,0.85,8.84,Attack
18.63,88.02,8,0.78,8.08,Attack
3.53,745.54,2,9.01,3.86,Normal
4.99,1002.24,2,2.0,2.91,Normal
11.15,134.85,10,1.29,8.88,Attack
2.96,506.72,1,4.35,2.94,Normal
20.76,34.21,6,1.4,7.49,Attack
4.11,750.67,2,9.8,4.01,Normal
4.5,342.6,1,6.2,4.83,Normal
5.0,280.77,1,9.12,2.69,Normal
1.15,1135.45,1,8.96,4.31,Normal
4.08,1165.48,0,1.66,4.51,Normal
14.03,52.72,4,1.31,7.1,Attack
2.6,1062.63,2,1.57,4.68,Normal
24.63,103.85,12,0.46,8.42,Attack
4.78,606.45,0,3.79,2.31,Normal
22.61,107.65,9,1.19,7.25,Attack
12.4,146.81,13,1.06,7.99,Attack
1.17,866.26,1,8.94,3.87,Normal
0.71,213.35,1,5.17,4.47,Normal
3.73,1041.79,2,9.29,4.86,Normal
0.96,574.02,1,1.31,3.11,Normal
12.98,36.83,11,1.25,7.57,Attack
1.03,974.61,2,9.52,3.35,Normal
2.2,1101.07,0,9.2,4.66,Normal
3.89,932.64,0,8.52,4.71,Normal
15.0,49.03,8,0.6,7.26,Attack
17.42,37.78,12,0.53,6.99,Attack
3.1,431.97,1,9.74,2.66,Normal
20.35,130.28,13,0.44,8.1,Attack
20.12,72.57,15,0.88,8.04,Attack
3.56,819.4,1,4.23,2.46,Normal
17.53,35.22,6,1.23,8.14,Attack
16.49,62.59,5,1.12,7.48,Attack
9.78,107.52,7,0.13,7.26,Attack
17.95,107.7,4,0.58,8.09,Attack
19.39,146.43,8,0.58,7.78,Attack
13.17,142.45,13,0.72,7.94,Attack
24.39,46.04,13,0.55,7.52,Attack
13.4,80.59,7,0.35,7.17,Attack
20.43,95.36,13,1.41,7.24,Attack
2.19,720.23,0,8.46,2.08,Normal
4.35,359.56,1,3.16,2.33,Normal
3.89,302.32,2,2.38,3.02,Normal
4.64,504.41,1,4.95,3.33,Normal
1.02,1187.75,1,8.49,2.69,Normal
19.46,22.06,11,1.1,7.93,Attack
11.83,143.1,15,0.8,6.51,Attack
4.59,210.52,2,5.05,2.86,Normal
2.92,630.8,2,7.27,3.84,Normal
4.77,457.29,1,7.11,4.33,Normal
14.05,146.44,6,1.39,7.42,Attack
13.87,112.1,11,0.75,7.39,Attack
23.1,108.78,5,0.94,7.0,Attack
2.73,545.54,2,8.72,2.71,Normal
0.77,583.52,2,2.79,4.3,Normal
18.36,67.67,7,1.28,7.79,Attack
20.25,26.38,5,1.05,7.88,Attack
4.6,1005.14,1,1.72,2.52,Normal
1.56,813.1,1,3.54,2.98,Normal
14.45,39.44,8,1.12,7.56,Attack
3.49,942.5,0,9.48,2.87,Normal
2.64,1173.21,1,1.59,3.55,Normal
20.32,106.26,15,1.28,7.08,Attack
0.59,485.44,0,6.41,4.88,Normal
4.84,1131.99,0,2.1,2.36,Normal
4.68,673.34,0,4.5,3.81,Normal
1.34,1033.02,1,5.62,4.2,Normal
2.18,227.75,0,5.62,3.15,Normal
8.71,23.21,6,1.14,7.13,Attack
20.1,48.63,7,1.25,7.69,Attack
3.68,888.2,2,4.24,2.57,Normal
4.33,454.89,2,8.57,4.49,Normal
24.74,130.25,9,0.12,6.6,Attack
1.96,542.74,0,4.9,2.82,Normal
19.27,119.39,15,0.4,7.85,Attack
18.64,132.59,12,0.21,6.95,Attack
11.71,72.73,4,0.74,7.48,Attack
21.68,54.88,6,0.99,7.33,Attack
15.66,105.07,6,0.21,8.77,Attack
0.94,1177.48,2,4.99,2.25,Normal
12.23,106.47,7,1.31,6.64,Attack
3.15,953.04,1,4.28,2.55,Normal
15.43,85.19,14,0.29,7.49,Attack
4.25,521.86,1,6.66,2.55,Normal
3.11,643.64,0,9.45,2.46,Normal
1.51,652.66,1,9.45,2.19,Normal
17.6,118.27,14,0.55,8.13,Attack
20.41,60.74,5,1.46,7.15,Attack
2.3,1169.97,2,6.76,2.05,Normal
1.06,755.28,0,2.2,4.66,Normal
4.19,950.31,0,9.68,3.25,Normal
4.83,453.71,0,2.62,4.1,Normal
18.38,70.71,9,0.64,7.64,Attack
10.26,39.72,9,1.25,7.4,Attack
11.3,80.8,14,0.11,6.95,Attack
4.35,427.52,0,5.22,4.82,Normal
2.61,264.63,1,1.78,2.55,Normal
11.25,112.34,4,0.69,7.41,Attack
10.75,133.42,15,0.76,7.76,Attack
1.89,915.59,1,2.49,3.25,Normal
4.14,640.87,2,4.69,3.73,Normal
21.92,44.43,15,0.74,7.1,Attack
3.44,651.94,2,8.42,2.34,Normal
1.75,407.47,2,7.83,4.2,Normal
3.46,516.27,0,4.26,4.75,Normal
2.54,988.0,0,6.1,3.54,Normal
22.28,134.97,14,1.09,8.13,Attack
14.81,54.99,8,1.27,6.82,Attack
13.01,20.2,14,1.2,7.83,Attack
18.38,42.99,7,0.4,7.35,Attack
2.8,717.87,0,7.94,2.3,Normal
1.85,397.09,2,3.97,4.22,Normal
13.6,59.52,15,1.36,7.4,Attack
0.52,292.11,2,4.41,3.42,Normal
2.48,346.12,0,3.43,2.91,Normal
4.74,837.17,1,4.98,3.01,Normal
1.16,366.55,2,7.22,3.94,Normal
4.86,590.98,2,2.69,3.72,Normal
4.62,285.71,0,4.81,3.26,Normal
23.23,29.91,14,0.49,7.36,Attack
4.15,1166.3,1,3.43,4.89,Normal
4.78,646.89,2,1.32,4.96,Normal
21.0,49.08,10,0.94,6.67,Attack
2.79,309.62,1,9.97,3.95,Normal
2.3,614.96,0,4.42,2.84,Normal
8.49,52.06,12,1.45,7.58,Attack
2.27,777.64,0,7.42,2.78,Normal
20.8,48.6,7,0.54,6.84,Attack
4.02,540.15,1,8.43,3.94,Normal
18.55,75.46,12,0.2,7.93,Attack
11.03,135.17,9,0.92,7.97,Attack
15.68,126.64,12,0.16,7.4,Attack
4.08,589.82,1,3.92,3.8,Normal
19.98,41.14,8,0.49,8.34,Attack
10.94,132.56,14,1.07,6.96,Attack
2.75,377.26,1,2.0,3.95,Normal
19.9,97.34,8,0.66,7.12,Attack
3.63,893.81,1,9.35,3.4,Normal
4.85,208.34,0,4.74,4.9,Normal
1.07,464.97,2,9.81,3.73,Normal
1.01,862.94,0,8.43,3.1,Normal
17.18,102.02,6,1.1,6.11,Attack
0.63,660.66,2,3.48,4.64,Normal
18.01,48.02,13,0.15,8.34,Attack
17.25,111.29,10,1.43,7.83,Attack
15.23,119.99,10,1.17,8.32,Attack
18.48,24.88,7,0.52,8.19,Attack
0.74,1162.77,1,6.83,3.14,Normal
0.95,698.99,0,2.11,2.58,Normal
20.44,148.96,14,0.3,6.67,Attack
22.11,135.51,14,0.57,8.82,Attack
18.92,98.32,5,0.52,8.26,Attack
1.66,286.81,2,8.01,2.4,Normal
11.02,71.72,4,0.73,7.09,Attack
15.92,110.93,4,1.35,8.59,Attack
4.3,405.64,1,8.1,2.88,Normal
13.71,91.71,14,0.38,8.85,Attack
3.59,251.51,0,1.3,4.37,Normal
2.9,1047.21,0,2.66,4.78,Normal
3.86,586.63,1,7.45,4.19,Normal
9.65,128.55,10,0.44,8.83,Attack
20.32,135.72,13,0.85,8.02,Attack
1.48,955.77,1,1.17,2.13,Normal
1.52,681.32,1,2.87,4.34,Normal
2.95,1094.99,0,6.19,3.14,Normal
2.37,944.28,0,9.15,4.4,Normal
2.26,335.38,1,4.09,4.71,Normal
12.79,104.28,7,1.18,6.67,Attack
9.28,116.9,15,0.78,7.15,Attack
1.98,336.4,2,1.36,4.08,Normal
3.92,245.41,1,7.0,3.19,Normal
16.49,122.26,4,0.31,6.89,Attack
8.81,31.72,15,0.56,7.71,Attack
1.28,845.13,0,6.0,2.75,Normal
20.0,27.52,15,1.38,7.73,Attack
1.45,690.76,2,9.72,4.14,Normal
